,smiles,label
0,CC(C)[C@@H](C)\C=C\[C@@H](C)[C@H]1CC[C@H]2\C(CCC[C@]12C)=C\C=C1\C[C@@H](O)CCC1=C,1.0
1,CCOC(=O)\C=C(\C)O[Al](OC(C)CC)OC(C)CC,0.0
2,CSC1=NC(NC(C)(C)C)=NC(NC2CC2)=N1,1.0
3,CC(O)C(CO)C(C)O,0.0
4,OC1=CC=C(NC(=O)C2=CC=CC=C2O)C=C1,0.0
5,[Cl-].CCCCCCCC[N+](C)(C)CCCCCCCC,0.0
6,O=CN1CCCCC1,0.0
7,NS(=O)(=O)C1=C(Cl)C=C2NC(NS(=O)(=O)C2=C1)C1CC2CC1C=C2,0.0
8,CO\N=C(\C(=O)N[C@H]1[C@H]2SCC(CN3N=NC(C)=N3)=C(N2C1=O)C(O)=O)C1=CSC(N)=N1,0.0
9,Cl.C1CN2C[C@@H](N=C2S1)C1=CC=CC=C1,0.0
10,COC1=CC2=C(C=C1OC)C(=O)NC(=O)N2,0.0
11,CC1=CC=C(Cl)C(O)=C1,0.0
12,CCCCCCCCCCCCCOC(=O)C(C)=C,0.0
13,CCCCCCCCSCCO,1.0
14,[O-][N+](=O)C1=CN=C(NC(=O)C2=CC=CS2)S1,0.0
15,CC(CO)(CO)C(O)=O,0.0
16,CC(=O)O[C@@H]1CC2CCC1(C)C2(C)C,0.0
17,NC(CC1=CC=C(F)C=C1)C(O)=O,0.0
18,OC(=O)CC1=CC(I)=C(OC2=CC(I)=C(O)C(I)=C2)C(I)=C1,1.0
19,COC1=CC=CC(OC)=C1C(O)=O,0.0
20,CC(C)N1C(=O)C2=C(NS1(=O)=O)C=CC=C2,1.0
21,CCCCCCCCS(=O)C(C)CC1=CC2=C(OCO2)C=C1,0.0
22,CC(C)(C)C1=CC(=O)C(=CC1=O)C(C)(C)C,1.0
23,CCCOC(=O)C1=CC=CC=C1O,0.0
24,CCCCCC(C)=O,0.0
25,CCCCN1C=C[N+](C)=C1C.FC(F)(F)S(=O)(=O)[N-]S(=O)(=O)C(F)(F)F,0.0
26,CC(=O)NC1=C(I)C=C(I)C(C(O)=O)=C1I,0.0
27,CCOC(=O)C1=CC=C(I)C=C1,0.0
28,CC(C)NC1=CC=C(NC(C)C)C2=C1C(=O)C1=CC=CC=C1C2=O,1.0
29,C=CCN(CC=C)CC=C,0.0
30,OCC1=CC=CC(OC2=CC=CC=C2)=C1,1.0
31,COC(=O)C1CCC(CC1)C(=O)OC,0.0
32,CC1=C(C)C(C(=O)NC2=CC=CC=C2)=C(C)O1,0.0
33,[Na+].CCOC1=CC(=CC=C1)N1C=C(N=C1C1=CC=C(C)C=C1)C(=O)N1CCN(CC1)C1=CC2=CC=CC=C2C(=C1)C([O-])=O,0.0
34,CCOC(=O)CC,0.0
35,CCN(CC)CC1CCCCN1CC(=O)N1C2=C(C=CC=C2)C(=O)NC2=C1N=CC=C2,0.0
36,CCCC(=O)OCCC(C)C,0.0
37,CC(=O)NC1=NN=C(S1)S(N)(=O)=O,0.0
38,CC1=CC=C(C=C1)C(=O)C1=CC(O)=C(O)C(=C1)[N+]([O-])=O,1.0
39,OS(O)(=O)=O.CC(C)(C)NC[C@H](O)COC1=C(C=CC=C1)C1CCCC1.CC(C)(C)NC[C@H](O)COC1=C(C=CC=C1)C1CCCC1,0.0
40,C[Si](NC1CCCCC1)(NC1CCCCC1)NC1CCCCC1,0.0
41,CC1=CC(=O)OC2=CC(OCC#C)=CC=C12,0.0
42,CCCCCCCCCCCCCC(=O)OCC,0.0
43,CCCCCCCCCCCCN1CCCCCC1=O,1.0
44,OC(=O)COCC(O)=O,0.0
45,CO\N=C(/C(=O)N[C@H]1[C@H]2SCC(CSC(=O)C3=CC=CO3)=C(N2C1=O)C(O)=O)C1=CSC(N)=N1,0.0
46,O.Cl.Cl.CCCN[C@H]1CCC2=C(C1)SC(N)=N2,0.0
47,NC12CC3CC(CC(C3)C1)C2,0.0
48,OS(O)(=O)=O.CC(O)C(NC(=O)C(C)C(O)C(C)NC(=O)C(NC(=O)C1=NC(=NC(N)=C1C)C(CC(N)=O)NCC(N)C(N)=O)C(O[C@@H]1O[C@@H](CO)[C@@H](O)[C@H](O)[C@@H]1O[C@H]1O[C@H](CO)[C@@H](O)[C@H](OC(N)=O)[C@@H]1O)C1=CNC=N1)C(=O)NCCC1=NC(=CS1)C1=NC(=CS1)C(=O)NCCCN[C@@H](C)C1=CC=CC=C1,0.0
49,Cl.CCCCN(CCCC)CCC(O)C1=CC2=C(C=C(Cl)C=C2Cl)C2=CC(=CC=C12)C(F)(F)F,0.0
50,[Na+].[O-]C(=O)C1=C(CSC2=NN=CS2)CS[C@@H]2[C@H](NC(=O)CN3C=NN=N3)C(=O)N12,0.0
51,CCCC(=O)OCCC1=CC=CC=C1,0.0
52,CCCCCCCCCCCCCCCCN,0.0
53,O=C(OCCOCCOCCOC(=O)C1=CC=CC=C1)C1=CC=CC=C1,0.0
54,CC(C)(O)CCCC1=CCC(CC1)C=O,0.0
55,O=CC=C(C1=CC=CC=C1)C1=CC=CC=C1,0.0
56,Cl.CN(C)CCOC(=O)C(OCC#C)(C1=CC=CC=C1)C1=CC=CC=C1,0.0
57,NC1=C(C=CC(=C1)[N+]([O-])=O)C(O)=O,1.0
58,NNC1=NC(=CS1)C1=CC=C(C=C1)[N+]([O-])=O,0.0
59,ClC1=CC=C(C=O)C=C1,0.0
60,NS(=O)(=O)C1=CC=C(Cl)C(=C1)S(N)(=O)=O,0.0
61,COCCOCCOCCOCCOC,0.0
62,CC(Cl)CCl,0.0
63,C1=CC=NC=C1,0.0
64,CCOC1=CC=C(NS(=O)(=O)C2=CC=C(N)C=C2)N=N1,0.0
65,CC(C)OC1=C(O)C=CC=C1,1.0
66,CCCC(O)C(CC)CO,0.0
67,CC1=CC=C(C=C1)N(CC1=NCCN1)C1=CC(O)=CC=C1,0.0
68,CCOP(=O)(OCC)SCCSCC,1.0
69,CN1N(C(=O)C(N)=C1C)C1=CC=CC=C1,0.0
70,NC(N)=[Se],0.0
71,CC(=O)NC1=CC=C(OC(C)=O)C=C1,0.0
72,N#C\C=C\C1=CC=CC=C1,0.0
73,[O-][N+](=O)C=CC1=CC=CC=C1,1.0
74,O.[Gd+3].CNC(=O)CN(CCN(CCN(CC([O-])=O)CC(=O)NC)CC([O-])=O)CC([O-])=O,0.0
75,CC(C)(C)C(O)\C=C\C1=CC2=C(OCO2)C=C1,0.0
76,COC1=CC(C=CC)=CC=C1O,1.0
77,Cl.COC(=O)C1=C(C)NC(C)=C([C@@H]1C1=CC=CC(=C1)[N+]([O-])=O)C(=O)O[C@@H]1CCCN(CC2=CC=CC=C2)C1,0.0
78,CC(=O)NC(CCC(N)=O)C(O)=O,0.0
79,[Hg](C1=CC=CC=C1)C1=CC=CC=C1,0.0
80,C[C@]12CC[C@H]3[C@@H](CCC4=CC(=O)CC[C@]34C)[C@@H]1CC[C@@H]2O,0.0
81,CC(C)COC(=O)C1=CC=C(N)C=C1,0.0
82,CC1=CC=C(C=C1)S([O-])(=O)=O.CCOCC(O)COC1=CC=C(NC(=O)CC[S+](C)C)C=C1,0.0
83,CS(=O)(=O)C1=CC=C(C=C1)[C@@H](O)[C@@H](CO)NC(=O)C(Cl)Cl,0.0
84,CC1SC2=C(C(O)=O)C(=O)C3=CC(F)=C(C=C3N12)N1CCNCC1,0.0
85,Cl.O[C@H]1C=C[C@H]2[C@H]3CC4=C5C(O[C@@H]1[C@@]25CCN3)=C(O)C=C4,0.0
86,CN1CCCC(C1)=C(C1=CC=CS1)C1=CC=CS1,0.0
87,SCC1=CC=CO1,1.0
88,ClC(Cl)=C(C1=CC=C(Cl)C=C1)C1=C(Cl)C=CC=C1,1.0
89,I.I.NCCN,0.0
90,OC(=O)C1=CC(=O)C2=C(O1)C=CC=C2,0.0
91,FC1=CC=C(C=C1)C1C(=O)C2=CC=CC=C2C1=O,0.0
92,OC1=CC=C(C=C1)C1=CC=CC=C1,0.0
93,CN(C)CCN(C)C,0.0
94,CC(=O)OC\C=C(/C)\C=C\C=C(/C)\C=C\C1=C(C)CCCC1(C)C,1.0
95,ClC1=CC=CC(Cl)=C1N1C(=O)CC2=C1C=CC=C2,1.0
96,NC1=CC=C(NC(=O)C2=CC=C(N)C=C2)C=C1,0.0
97,CC1=C(O)C(=CC=C1)C(O)=O,0.0
98,F[P-](F)(F)(F)(F)F.CCCCCCN1C=C[N+](C)=C1,0.0
99,CC(C)C1=CC=CC(C(C)C)=C1N,1.0
100,CC1=CC=C(CCl)C=C1,0.0
101,CC(C)(O)C1=NC2=NC=C(N2N=C1)C1=CC(=C(F)C=C1)C1=C(C=CC=C1F)C#N,1.0
102,CS(=O)(=O)C1=CC=C(C=C1Cl)[C@@H](CC1CCCC1)C(=O)NC1=NC=CN=C1,1.0
103,CC1CCC2=C1N=CC=N2,0.0
104,[O-]S(=O)(=O)C(F)(F)F.CCN1C=C[N+](C)=C1C,0.0
105,C[C@H]1O[C@H](C[C@H](O)[C@@H]1O[C@H]1C[C@H](O)[C@H](O[C@H]2C[C@H](O)[C@H](O[C@@H]3O[C@H](CO)[C@@H](O)[C@H](O)[C@H]3O)[C@@H](C)O2)[C@@H](C)O1)O[C@H]1CC[C@@]2(C)[C@H](CC[C@@H]3[C@@H]2C[C@@H](O)[C@]2(C)[C@H](CC[C@]32O)C2=CC(=O)OC2)C1,0.0
106,OC(CN1CCC(CC2=CC=C(F)C=C2)CC1)C1=CC=C(Cl)C=C1,0.0
107,S=C1NCCN1,0.0
108,CCCCOC(=O)C(C)OC(=O)CCC,0.0
109,CCCCCCCC\C=C\CCCOC(C)=O,0.0
110,CC#C[C@]1(O)CC[C@H]2[C@@H]3CCC4=CC(=O)CCC4=C3[C@H](C[C@]12C)C1=CC=C(C=C1)N(C)C,1.0
111,ClC1=CC(Cl)=C(Cl)C=C1,0.0
112,[Cl-].CCCC[N+]1=CC=C(C)C=C1,0.0
113,OC1=CC=CC=C1C=O,1.0
114,COC(=O)CC(C)(C)C=C,0.0
115,C[C@H]1O[C@H](C[C@H](O)[C@@H]1O)O[C@H]1[C@@H](O)C[C@H](O[C@H]2[C@@H](O)C[C@H](O[C@H]3CC[C@@]4(C)[C@H](CC[C@@H]5[C@@H]4C[C@@H](O)[C@]4(C)[C@H](CC[C@]54O)C4=CC(=O)OC4)C3)O[C@@H]2C)O[C@@H]1C,0.0
116,ClC1=CC(Cl)=CC(Cl)=C1,0.0
117,OC(=O)\C=C/C(O)=O.C(C(C1CCCCC1)C1CCCCC1)C1CCCCN1,0.0
118,CCCCOCCOC(=O)CCCCCCCCC(=O)OCCOCCCC,0.0
119,CN(C)C(=O)NC1(CCN(CCC[C@]2(CCCN(C2)C(=O)C2=CC=CC=C2)C2=CC(Cl)=C(Cl)C=C2)CC1)C1=CC=CC=C1,1.0
120,CCCCC(O)\C=C(/C)\C=C\C=C\C(=O)N1CCCC1=O,0.0
121,CC1CN1,0.0
122,COC1=CC(OC)=NC(NC(=O)NS(=O)(=O)C2=C(C=CC(NC=O)=C2)C(=O)N(C)C)=N1,1.0
123,CCOC(=O)C(SP(=S)(OC)OC)C1=CC=CC=C1,1.0
124,CCCCCNCCCCC,1.0
125,CC1=CC=C(C=C1)S(=O)(=O)NC(=O)NN1CCCCCC1,0.0
126,CCCCS,0.0
127,CC(O)=O.CCNC(=O)[C@@H]1CCCN1C(=O)[C@H](CCCNC(N)=N)NC(=O)[C@H](CC(C)C)NC(=O)[C@@H](CC1=CNC2=C1C=CC=C2)NC(=O)[C@H](CC1=CC=C(O)C=C1)NC(=O)[C@H](CO)NC(=O)[C@H](CC1=CNC2=C1C=CC=C2)NC(=O)[C@H](CC1=CNC=N1)NC(=O)[C@@H]1CCC(=O)N1,0.0
128,O=C1NCN(C2=CC=CC=C2)C11CCN(CC2COC3=C(O2)C=CC=C3)CC1,0.0
129,NC(=O)C1=C(Cl)C=CC=C1Cl,1.0
130,CCOC(=O)\C=C(/C)O[Ti](OC(C)C)(OC(C)C)O\C(C)=C\C(=O)OCC,0.0
131,CCCCN(C)C,0.0
132,CN1CC(=O)NC1=N,0.0
133,CC(C)N(CC1=CC=CC=C1)C(=O)C(C)(C)C,1.0
134,CC(C)CC(C)(C)C,0.0
135,S1C=CC=C1C1=CC=C(S1)C1=CC=CS1,1.0
136,CC1=CC=CC(C)=C1NC1=NC=CC=C1C(O)=O,0.0
137,OC(=O)C(F)(F)C(F)(F)C(F)(F)C(F)(F)C(F)(F)F,0.0
138,CC(C)(C1=CC=CC=C1)C1=CC=C(NC2=CC=C(C=C2)C(C)(C)C2=CC=CC=C2)C=C1,1.0
139,CC(=O)OC1=CC=CC(C)=C1,0.0
140,CC(C1=CC=C(O)C=C1)(C1=CC=C(O)C=C1)C1=CC=C(O)C=C1,1.0
141,[O-][N+](=O)C1=CC=C(NC(=O)NC2=CC=C(C=C2)[N+]([O-])=O)C=C1,0.0
142,CNC(=O)C[C@@H](N)C(=O)N[C@@H](C(=O)N[C@H]1[C@H]2SC(C)(C)[C@@H](N2C1=O)C(O)=O)C1=CC=C(O)C=C1,0.0
143,CC(C)NC[C@@H](O)COC1=C2C=CC=CC2=CC=C1,0.0
144,Br[Ca]Br,0.0
145,Cl.ClCCCN1CCN(CC1)C1=CC(Cl)=CC=C1,0.0
146,CN1CCC[C@H]1C1=CN=CC=C1,0.0
147,CCCC(=O)OCOC(=O)C1=C(C)NC(C)=C(C1C1=CC=CC(Cl)=C1Cl)C(=O)OC,0.0
148,CN1CCC(CC1)OC(=O)C(OC1=CC=C(Cl)C=C1)OC1=CC=C(Cl)C=C1,0.0
149,OC1=CC=C(C=C1)C(C1=CC=C(O)C=C1)(C(F)(F)F)C(F)(F)F,1.0
150,C[C@@H]1NC(=O)[C@@H](N)CNC(=O)[C@@H](NC(=O)\C(NC(=O)[C@H](CNC(=O)C[C@@H](N)CCCN)NC1=O)=C\NC(N)=O)[C@@H]1CCNC(N)=N1,0.0
151,OC1=CC=CC(O)=C1O,0.0
152,[O-][N+](=O)C([N+]([O-])=O)([N+]([O-])=O)[N+]([O-])=O,0.0
153,CC(C)COC(=O)C=CC1=CC=CC=C1,1.0
154,CC1=CC=CC(C)=C1NC(=O)CN1CCCC1=O,1.0
155,OCC(Cl)CCl,0.0
156,SCCCCCCCCS,0.0
157,OS(O)(=O)=O.NC[C@H]1O[C@H](O[C@@H]2[C@@H](N)C[C@@H](N)C(O)[C@H]2O[C@@H]2O[C@H](CO)[C@@H](O)[C@H]2O)[C@H](N)[C@@H](O)[C@@H]1O,0.0
158,Cl.CCC(=O)N([C@H]1CCN(CCC2=CC=CC=C2)C[C@@H]1C)C1=CC=CC=C1,0.0
159,ClC1=C(Cl)[C@]2(Cl)[C@@H]3[C@@H]4C[C@@H](C=C4)[C@@H]3[C@@]1(Cl)C2(Cl)Cl,1.0
160,CCOC(=O)NCCC[Si](OCC)(OCC)OCC,0.0
161,CN1C2=CC=C(Cl)C=C2N(C2=CC=CC=C2)C(=O)CC1=O,0.0
162,Cl.COC1=CC(NS(C)(=O)=O)=CC=C1NC1=C2C=CC=CC2=NC2=C1C=CC=C2,0.0
163,CCCC(C)(COC(N)=O)COC(N)=O,0.0
164,FC(F)(F)C1=CN=C(CNC(=O)C2=C(Cl)C=CC=C2Cl)C(Cl)=C1,1.0
165,F[P-](F)(F)(F)(F)F.CCCC[N+]1(C)CCCCC1,0.0
166,Cl.CC1CC(CC(C)(C)N1C)OC(=O)C(O)C1=CC=CC=C1,0.0
167,CC1(C)[C@@H](C=C(Br)Br)[C@H]1C(=O)O[C@H](C#N)C1=CC=CC(OC2=CC=CC=C2)=C1,1.0
168,CC(C)[C@@H]1CC[C@@H](C)CC1=O,0.0
169,OC(=O)\C=C/C(O)=O.COC1=CC2=C(C=C1OC)[C@H](CN(C)CC2)C1=CC=CC=C1,0.0
170,CC(C)COC(C)=O,0.0
171,SC1=CC=CC=C1,1.0
172,CS([O-])(=O)=O.CCN1C=C[N+](C)=C1,0.0
173,O.O.O.Br.CN1[C@H]2C[C@@H](C[C@@H]1[C@H]1O[C@@H]21)OC(=O)[C@H](CO)C1=CC=CC=C1,0.0
174,O.[Na+].[Na+].[O-]C(=O)CC(S[Au])C([O-])=O,0.0
175,CC1=CC2=NC3=C(SC(=O)S3)N=C2C=C1,0.0
176,CC(C)CCO,0.0
177,NC(=O)CC[C@@H]1NC(=O)[C@H](CC2=CC=CC=C2)NC(=O)[C@H](CC2=CC=C(O)C=C2)NC(=O)CCSSC[C@H](NC(=O)[C@H](CC(N)=O)NC1=O)C(=O)N1CCC[C@H]1C(=O)N[C@@H](CCCNC(N)=N)C(=O)NCC(N)=O,0.0
178,CCCCCCCCC=C,0.0
179,CC1=CC(O)=C(C=C1)C(C)(C)C,1.0
180,O=C1C2=C3C(NN=C3C3=CC=CC=C13)=CC=C2,0.0
181,NC1=CC(=CNC1=O)C1=CC=NC=C1,0.0
182,C1CCC2=NC=CN=C2C1,0.0
183,OCCN(CCO)CCC#N,0.0
184,NCCCNCCCN,0.0
185,CN1C2=CC=CC=C2C(=N[C@H](NC(=O)C2=CC3=C(N2)C=CC=C3)C1=O)C1=CC=CC=C1,0.0
186,CC1=CC(=O)OC2=C1C(O)=CC(O)=C2,0.0
187,CCNC1=NC(SC)=NC(NC(C)C(C)C)=N1,0.0
188,BrCCC(=O)N1CCN(CC1)C(=O)CCBr,0.0
189,ClC(=O)C1=CC=C(Cl)C=C1,0.0
190,N[C@@H](CC1=CC(I)=C(OC2=CC(I)=C(O)C=C2)C(I)=C1)C(O)=O,1.0
191,C[C@@]12CCC[C@H]1[C@@H]1CC[C@H]3C[C@@H](O)CC[C@]3(C)[C@H]1CC2,0.0
192,C\C=C\C=C\C=O,0.0
193,[Na+].[O-]Cl,0.0
194,CCN(CC)C1=CC=C2C(C)=CC(=O)OC2=C1,1.0
195,CC(C)CC(C)NC1=CC=C(NC2=CC=CC=C2)C=C1,0.0
196,CNC(=O)\C=C(/C)OP(=O)(OC)OC,0.0
197,NC1=CC(Cl)=CC(=C1O)S(O)(=O)=O,0.0
198,COC1=C(C=CC=C1)N1CCN(CCCNC2=CC(=O)N(C)C(=O)N2C)CC1,0.0
199,CN(C(C)=O)C1=C(I)C(NC(C)=O)=C(I)C(C(=O)N[C@H]2C(O)O[C@H](CO)[C@@H](O)[C@@H]2O)=C1I,0.0
200,C1=CC2=CC=CC=C2C=C1,1.0
201,CC1=C(Cl)C=CC=C1NC1=C(C=CC=C1)C(O)=O,0.0
202,OC(=O)\C=C/C(O)=O.CC(C)(C)NC[C@H](O)COC1=NSN=C1N1CCOCC1,0.0
203,CNC.CN(C)C(S)=S,0.0
204,CCOC1=CC=CC=C1OCC,0.0
205,COC1=NC=CN=C1CC(C)C,0.0
206,O=C(CCNNC(=O)C1=CC=NC=C1)NCC1=CC=CC=C1,0.0
207,OC(=O)C1=CC=CC=N1,0.0
208,OC1=C(O)C2=C(C=C1)C(=O)C1=C(O)C=CC(O)=C1C2=O,1.0
209,COC1=CC(=CC(OC)=C1OC)C(=O)N1CCCCCCC1,0.0
210,CCOP(=O)(OCC)OCC,0.0
211,CN1C(C(=O)NC2=NC=C(C)S2)=C(O)C2=C(C=CC=C2)S1(=O)=O,1.0
212,CCCC[Sn](CCCC)(CCCC)OC(=O)C1=CC=CC=C1,0.0
213,COC1=CC(OC)=NC(O[C@H](C(O)=O)C(OC)(C2=CC=CC=C2)C2=CC=CC=C2)=N1,0.0
214,CCOC(=O)C(C)O,0.0
215,C[Si]1(C)O[Si](C)(C)O[Si](C)(C)O1,1.0
216,CNCCCC12CCC(C3=C1C=CC=C3)C1=C2C=CC=C1,0.0
217,C1C=CC=C1,0.0
218,C1CCCNCC1,0.0
219,[Cl-].[Cl-].C1C=CC=C1[Ti++]C1=CC=CC1,0.0
220,CSCC[C@H](NC(=O)[C@H](CC1=CNC2=C1C=CC=C2)NC(=O)CCNC(=O)OC(C)(C)C)C(=O)N[C@@H](CC(O)=O)C(=O)N[C@@H](CC1=CC=CC=C1)C(N)=O,0.0
221,ClC(Cl)(Cl)Br,0.0
222,CN1C(CCl)NC2=CC(Cl)=C(C=C2S1(=O)=O)S(N)(=O)=O,0.0
223,CCCCCCOC1=CC=C(N)C=C1,1.0
224,C\C=C(/C)C(=O)OCCC1=CC=CC=C1,1.0
225,Cl.[Cl-].COC1=CC2=C3[C@@H](CC4=CC(OC5=CC6=C(CCN(C)[C@H]6CC6=CC=C(OC3=C1O)C=C6)C=C5OC)=C(O)C=C4)[N+](C)(C)CC2,0.0
226,[Cl-].CCCCCCCCCCCCCCN1C=C[N+](C)=C1,0.0
227,O.[Ca++].O=C1[N-]S(=O)(=O)C2=C1C=CC=C2.O=C1[N-]S(=O)(=O)C2=C1C=CC=C2,0.0
228,[Na+].CCCCCCCCCC(=O)N[O-],0.0
229,CCCC(=O)O[C@@]1(CC[C@H]2[C@@H]3C[C@H](F)C4=CC(=O)C=C[C@]4(C)[C@@]3(F)[C@@H](O)C[C@]12C)C(=O)COC(C)=O,0.0
230,CCOC1=CC=C(NC(=O)CC(C)=O)C=C1,0.0
231,CCCCCCCCCC(=O)NO,0.0
232,ClCC=CCl,0.0
233,CC1=CC(C)=NC(=O)N1.[O-][N+](=O)C1=CC=C(NC(=O)NC2=CC=C(C=C2)[N+]([O-])=O)C=C1,0.0
234,CC1(C)[C@@H]2CC[C@@]1(C)[C@@H](C2)OC(=O)CSC#N,0.0
235,OC(=O)CCCOC1=CC=C(Cl)C=C1Cl,1.0
236,CC(C)C1=CC2=C(C)C=CC2=C(C)C=C1,0.0
237,CCOC(=O)C(=O)OCC,0.0
238,COC(=O)CCS,0.0
239,[O-][N+](=O)C1=CC(=CC=C1)[N+]([O-])=O,0.0
240,COC1=C(N)C=C2OC3=C(C=CC=C3)C2=C1,0.0
241,CCO[C@H]1O[C@@H]2OC3(C)CC[C@H]4[C@H](C)CC[C@@H]([C@H]1C)[C@@]24OO3,0.0
242,O=NN1CCNCC1,0.0
243,CCNC1=NC(OC)=NC(NC(C)(C)C)=N1,1.0
244,[Na+].NC1=CC=C(C([O-])=O)C(O)=C1,0.0
245,O=C=NC1=CC=CC2=C(C=CC=C12)N=C=O,1.0
246,COC1=CC=C(C=C1)C1=CC(=S)SS1,0.0
247,O=P(C1=CC=CC=C1)(C1=CC=CC=C1)C1=CC=CC=C1,1.0
248,CC1=CC(=O)CCC1,0.0
249,OC1=CC(O)=C(O)C2=C1C(=O)C1=C(C=CC=C1)C2=O,1.0
250,OP(O)(=O)OCN1C(=O)NC(C1=O)(C1=CC=CC=C1)C1=CC=CC=C1,0.0
251,CCCCCCCC(O)=O,0.0
252,CC1COC2(N1CC(=O)NC1=CC=C(Cl)C=C21)C1=CC=CC=C1Cl,0.0
253,COC(=O)C1=C(C=CS1)S(=O)(=O)NC(=O)NC1=NC(OC)=NC(C)=N1,0.0
254,COC1=CC(=O)O[C@H](C1)\C=C\C1=CC=C2OCOC2=C1,0.0
255,CCC(C)(C)C1CCC(CC1)OC,1.0
256,OC(=O)C1=CC(C(O)=O)=C(C=C1C(O)=O)C(O)=O,0.0
257,CC(S)C(=O)NCC(O)=O,0.0
258,CN1C2=C(NC(Br)=N2)C(=O)N(C)C1=O,0.0
259,[Br-].CC(=O)O[C@H]1[C@H](C[C@H]2[C@@H]3CC[C@H]4C[C@H](OC(C)=O)[C@H](C[C@]4(C)[C@H]3CC[C@]12C)N1CCCCC1)[N+]1(C)CCCCC1,0.0
260,CCCCOCCOCCOCCOCCO,0.0
261,CC(=O)N1CCN(CC1)C1=CC=C(OC[C@H]2CO[C@@](CN3C=CN=C3)(O2)C2=CC=C(Cl)C=C2Cl)C=C1,1.0
262,COC1=C(OC(=O)C(C)C)C=CC(C=O)=C1,0.0
263,CCNC1=CC(C)=CC=C1,0.0
264,Cl.NC(=N)C1=CC=CC=C1,0.0
265,CC=C1CC2CC1C=C2,1.0
266,NC(CO)(CO)CO,0.0
267,C[C@@H]1O[C@@H](OC[C@H]2O[C@@H](OC3=C(OC4=C(C(O)=CC(O)=C4)C3=O)C3=CC(O)=C(O)C=C3)[C@H](O)[C@@H](O)[C@@H]2O)[C@H](O)[C@H](O)[C@H]1O,0.0
268,[Na+].CCCCC[C@H](O)\C=C\[C@H]1[C@H](O)C[C@@H]2O\C(C[C@H]12)=C/CCCC([O-])=O,0.0
269,CO[C@H]1[C@@H](O)C[C@H](O[C@H]2[C@@H](O)C[C@H](O[C@H]3[C@@H](O)C[C@H](O[C@H]4CC[C@@]5(C)[C@H](CC[C@@H]6[C@@H]5C[C@@H](O)[C@]5(C)[C@H](CC[C@]65O)C5=CC(=O)OC5)C4)O[C@@H]3C)O[C@@H]2C)O[C@@H]1C,0.0
270,[N-]=C=NC#N.CCCCN1C=C[N+](C)=C1,0.0
271,CCO[Si](CCCS)(OCC)OCC,1.0
272,Cl.Cl.ClC1=CC=C(NC2=C3C=CC=CC3=C(CC3=CC=NC=C3)N=N2)C=C1,1.0
273,[Br-].C[N+]1(C)[C@H]2CC[C@@H]1C[C@@H](C2)OC(=O)C(CO)C1=CC=CC=C1,0.0
274,OS(O)(=O)=O.OS(O)(=O)=O.OS(O)(=O)=O.OS(O)(=O)=O.OS(O)(=O)=O.CN[C@@H]1[C@@H](O)[C@@H](O[C@H]2[C@H](N)C[C@H](N)[C@@H](OC3OC(CN)=CCC3N)[C@@H]2O)OC[C@]1(C)O.CN[C@@H]1[C@@H](O)[C@@H](O[C@H]2[C@H](N)C[C@H](N)[C@@H](OC3OC(CN)=CCC3N)[C@@H]2O)OC[C@]1(C)O,0.0
275,O.Cl.Cl.CN(C)C\C=C(\C1=CC=C(Br)C=C1)C1=CN=CC=C1,0.0
276,CCN(CC)CC(=O)NC1=C(C)C=CC=C1C,0.0
277,[Br-].[Br-].CC(=O)O[C@H]1[C@H](C[C@H]2[C@@H]3CC[C@H]4C[C@H](OC(C)=O)[C@H](C[C@]4(C)[C@H]3CC[C@]12C)[N+]1(C)CCCCC1)[N+]1(C)CCCCC1,0.0
278,Cl.N(C=CC=CC=NC1=CC=CC=C1)C1=CC=CC=C1,1.0
279,NC1=CC=C(O)C(=C1)C(O)=O,0.0
280,OCC(O)CO,0.0
281,CCC(C)(C)C1CCC(=O)CC1,1.0
282,CCCCC(CC)COC(=O)C(C#N)=C(C1=CC=CC=C1)C1=CC=CC=C1,0.0
283,CC1=CC(=CC(C)=C1N)C1=CC(C)=C(N)C(C)=C1,1.0
284,CCC(C)=NO,0.0
285,CCC(=O)C1=CC=C(Cl)C=C1,1.0
286,C1COC1,0.0
287,C[C@]12CC[C@H]3[C@@H](CCC4=CC(O)=CC=C34)[C@@H]1CC[C@@]2(O)C#C,1.0
288,[Na+].OS(=O)(=O)C1=CC=C(C=C1)N1N=C(CC1=O)C([O-])=O,0.0
289,Cl.Cl.CNNC,0.0
290,CC1=CC(=C(C)C=C1)[N+]([O-])=O,0.0
291,CCOP(=S)(OCC)OC1=NC(Cl)=C(Cl)C=C1Cl,1.0
292,[O-][N+](=O)C1=CC=CC=C1NC1=CC=CC=C1,0.0
293,Cl.CCN1C2=CC=CC=C2C2=C1C=CC(N)=C2,0.0
294,OC1=CC2=C(C=C1)C1(OC(=O)C3=C1C=CC=C3)C1=C(O2)C=C(O)C=C1,1.0
295,CC1=CC(C)=C(C(=O)P(=O)(C2=CC=CC=C2)C2=CC=CC=C2)C(C)=C1,1.0
296,CC(=O)[C@H]1[C@@H](C[C@H]2[C@@H]3CC=C4C[C@@H](O)CC[C@]4(C)[C@H]3CC[C@]12C)C#N,1.0
297,CC(=NO)C(C)=NO,0.0
298,OCC=CC1=CC=CC=C1,1.0
299,CC1(C)S[C@@H]2[C@H](NC(=O)C(C(=O)OC3=CC4=C(CCC4)C=C3)C3=CC=CC=C3)C(=O)N2[C@H]1C(O)=O,0.0
300,CC(C)=CCCC(C)(OC(=O)C1=CC=CC=C1N)C=C,0.0
301,OC1=CC=C(Cl)C2=CC=CN=C12,0.0
302,C[C@@H](CCC=C(C)C)CC=O,1.0
303,O=C1NS(=O)(=O)C2=C1C=CC=C2,0.0
304,CC(C)=CCCC(C)(O)C=C,1.0
305,COCC(O)=O,0.0
306,CCO[Si](CC)(OCC)OCC,1.0
307,[I-].CCCC[N+]1=CC=CC(C)=C1,0.0
308,CCC1(C(=O)NC(=O)N(C(=O)C2=CC=CC=C2)C1=O)C1=CC=CC=C1,0.0
309,CCC1=CC=CC(C)=C1N(C(C)COC)C(=O)C(O)=O,1.0
310,CC(O)C#N,0.0
311,OC1=C(Cl)C=CC(Cl)=C1Cl,1.0
312,C=CC(=O)OCCN1C(=O)N(CCOC(=O)C=C)C(=O)N(CCOC(=O)C=C)C1=O,0.0
313,C=CC(=O)OCC1CCCO1,0.0
314,CN(C)C1=CC=C(C=C1)C1(OC(=O)C2=C1C=CC(=C2)N(C)C)C1=CC=C(C=C1)N(C)C,0.0
315,CC1=C(N)C=C(C=C1)[N+]([O-])=O,1.0
316,CO[C@@H]1C[C@H](C[C@@H](C)[C@@H]2CC(=O)[C@H](C)\C=C(C)\[C@@H](O)[C@@H](OC)C(=O)[C@H](C)C[C@H](C)\C=C\C=C\C=C(C)\[C@H](C[C@@H]3CC[C@@H](C)[C@@](O)(O3)C(=O)C(=O)N3CCCC[C@H]3C(=O)O2)OC)CC[C@H]1O,0.0
317,CCCCC(CC)COC(=O)C1=C(Br)C(Br)=C(Br)C(Br)=C1C(=O)OCC(CC)CCCC,1.0
318,CC1=CN([C@H]2C[C@H](O)[C@@H](CO)O2)C(=O)NC1=O,0.0
319,O=C1NC(=O)[C@@H]2[C@@H]3C[C@@H](C=C3)[C@H]12,0.0
320,[Zn++].CCCCCCCC([O-])=O.CCCCCCCC([O-])=O,0.0
321,CC(=O)O[C@H]1CC[C@]2(C)[C@H]3CC[C@@]4(C)[C@@H](CC=C4C(C)=O)[C@@H]3CC=C2C1,0.0
322,CC(=O)NC1=CC=C(C=C1)S(Cl)(=O)=O,0.0
323,CCOC(=O)C1=C2CN(C)C(=O)C3=C(C=CC=C3I)N2C=N1,0.0
324,Cl.CC(COC1=CC=CC=C1)NC(C)C(O)C1=CC=C(O)C=C1,0.0
325,[O-][N+]([O-])=O.[NH3+]C1=CC=CC=C1,0.0
326,CNC(=O)C1=CC=CC=C1,0.0
327,S=C1NC=CC=N1,0.0
328,Cl.CCN(CC)CCNC(=O)COC1=CC=C(OC)C=C1,0.0
329,OC(=O)\C=C\C(O)=O.CN(C)CCC1=CNC2=CC=CC=C12,0.0
330,CC(=O)O[C@@H]1C[C@H]2CC[C@]1(C)C2(C)C,0.0
331,CCOC(=O)C(C#N)=C(C1=CC=CC=C1)C1=CC=CC=C1,1.0
332,CC1=CC=C(C=C1)C1=CC=CC=C1C#N,0.0
333,CN1C(C(=O)NC2=NOC(C)=C2)=C(O)C2=C(C=CC=C2)S1(=O)=O,0.0
334,OC(=O)C(Cl)(Cl)Br,0.0
335,CCC(C)OC(=O)N1CCCCC1CCO,1.0
336,CN1C2=C(NC=N2)C(=O)N(C)C1=O,0.0
337,BrC1=C(Br)C(Br)=C(Br)C(Br)=C1Br,0.0
338,CC(C(=O)OCC(=O)N(C)C)C1=CC2=C(OC3=C(C2)C=CC(C)=N3)C=C1,0.0
339,CCCCCCCCCCCCCC1=CC=CC=C1,0.0
340,CSC1=NC2=C(N1)C=C(OC1=CC=CC(Cl)=C1Cl)C(Cl)=C2,0.0
341,CC(C)C(=O)OC(C)(CCC=C(C)C)C=C,1.0
342,OC(=O)COC1=CC=C(Cl)C=C1,0.0
343,COCC(O)CO,0.0
344,NC1=C(C=CC=C1)C#N,1.0
345,OC1=CC=C(OC2=CC=CC=C2)C=C1,1.0
346,CC(C)[C@@]12C[C@@H]1C(C)C(=O)C2,0.0
347,OC(=O)C1C2CCC(O2)C1C(O)=O,0.0
348,OC1=CC=C(O)C=C1,0.0
349,[Na+].[O-]C(=O)COC1=C(Cl)C=C(Cl)C=C1,1.0
350,N#CC1=CC=CC=C1C#N,0.0
351,CC(C)(C)NCC(O)C1=CC(Cl)=C(N)C(Cl)=C1,0.0
352,OC1=C(Br)C2=C(C=C1)C1(OC(=O)C3=CC=CC=C13)C1=C(O2)C(Br)=C(O)C=C1,1.0
353,CCCCNC(=O)NCCCC,0.0
354,CCOC(=O)C=C,0.0
355,Cl.CNCC1=CC=CC=C1,0.0
356,CC[Ge](Cl)(CC)CC,0.0
357,CC(=O)O[C@H]1[C@@H]2OC(=O)[C@H](OC(C)=O)[C@@H]2OC1=O,0.0
358,CO[C@H]1C[C@H](O[C@H]2[C@H](C)O[C@H](C[C@@H]2OC)O[C@H]2[C@@H](C)\C=C\C=C3/CO[C@@H]4[C@H](O)C(C)=C[C@@H](C(=O)O[C@H]5C[C@@H](C\C=C2/C)O[C@@]2(C5)O[C@H](C5CCCCC5)[C@@H](C)C=C2)[C@]34O)O[C@@H](C)[C@@H]1O,0.0
359,CC(=O)N[C@@H](CS)C(O)=O,0.0
360,O=C1\C(NC2=C1C=CC=C2)=C1/NC2=C(C=CC=C2)C1=O,0.0
361,CCCCCCCC\C=C/CCCCCCCC(=O)OC,0.0
362,C[C@H]1O[C@@H](O[C@@H]2C[C@@H]3O[C@@](O)(C[C@H](O)[C@H]3C(O)=O)C[C@@H](O)C[C@H]3O[C@@H]3\C=C\C(=O)O[C@H](C)C\C=C\C=C\C=C\C=C\2)[C@@H](O)[C@@H](N)[C@@H]1O,0.0
363,NS(=O)(=O)C1=CC(C2=NN=NN2)=C(NCC2=CC=CS2)C=C1Cl,0.0
364,[O-][N+](=O)C1=CC(Cl)=C(Cl)C(Cl)=C1,0.0
365,CC(C)OC(=O)C1=CC=CC=C1,0.0
366,CC1=NC2=CC(Cl)=CC=C2C=C1,0.0
367,CCOC1=CC=C(NC(=C)NC2=CC=C(OCC)C=C2)C=C1,0.0
368,CCCCCCCC(OC)OC,0.0
369,OC1=CC2=C(C=CC=C2)C=C1C(=O)NC1=CC=CC(=C1)[N+]([O-])=O,1.0
370,CSC1=C(C)C=C(O)C=C1,1.0
371,CC(=O)CCC1=C(C)CCCC1(C)C,1.0
372,CC1(C)C2CCC1(C)C(=O)C2=O,0.0
373,CN1CCC(CC1)=C1C2=C(SC=C2)C(=O)CC2=CC=CC=C12,0.0
374,CCCCCCNC(=O)N1C=C(F)C(=O)NC1=O,0.0
375,CC(C)(C)C(=O)C=CC1=CC=C(Cl)C=C1,1.0
376,NC1=C(Cl)C=CC(Cl)=C1,0.0
377,CCOC1=CC(OCC)=C(C=C1OCC)C(=O)CCC(O)=O,0.0
378,CCCCC(CC)COC(=O)CCCCCCCC(=O)OCC(CC)CCCC,0.0
379,COC1=C(C=CC(=C1)C1=CC(OC)=C(C=C1)N=C=O)N=C=O,0.0
380,O.O.O.O.O.OS(O)(=O)=O.CN1CC[C@]23[C@H]4OC5=C(O)C=CC(C[C@@H]1[C@@H]2C=C[C@@H]4O)=C35.CN1CC[C@]23[C@H]4OC5=C(O)C=CC(C[C@@H]1[C@@H]2C=C[C@@H]4O)=C35,0.0
381,[Na+].CC1=CC=CC=C1S([O-])(=O)=O,0.0
382,ClC1=C(C=CC=C1)C1=C(Cl)C=CC=C1,0.0
383,[O-][N+](=O)C1=CN=C(S1)N1CCNC1=O,0.0
384,C(CC1=CC=CC=C1)NC1=NC(=CS1)C1=CC=CC=C1,0.0
385,CC1=CC2=C(C=C1S(N)(=O)=O)S(=O)(=O)CCC2,0.0
386,CC(CCC=C(C)C)C=O,1.0
387,CC(OC1=C(Cl)C=CC=C1Cl)C1=NCCN1,0.0
388,[O-][N+](=O)C1=CC=C(OC2=C(Cl)C=C(Cl)C=C2)C=C1,1.0
389,CNNCC1=CC=C(C=C1)C(=O)NC(C)C,0.0
390,C1CC=CC1,0.0
391,CC(=O)O[Al](O)OC(C)=O,1.0
392,[Na+].OS([O-])(=O)=O,0.0
393,CCCCCN(CCCOC)C(=O)C(CCC(O)=O)NC(=O)C1=CC(Cl)=C(Cl)C=C1,0.0
394,CO[Si](OC)(OC)C=C,0.0
395,[Na+].[O-]S(=O)(=O)CC=C,0.0
396,ClC1=CC(Cl)=C(OS(=O)(=O)C2=CC=CC=C2)C=C1,1.0
397,C[C@@H]1O[C@@H](O[C@H]2CC[C@]3(C)[C@H]4CC[C@]5(C)[C@H](CC[C@]5(O)[C@@H]4CCC3=C2)C2=COC(=O)C=C2)[C@H](O)[C@H](O)[C@H]1O,0.0
398,CN1N(C(=O)C=C1C)C1=CC=CC=C1,0.0
399,OS(O)(=O)=O.CO\N=C(/C(=O)N[C@H]1[C@H]2SCC(C[N+]3=CC=CC4=C3CCC4)=C(N2C1=O)C([O-])=O)C1=CSC(N)=N1,0.0
400,CN(C)C(=O)C=C,0.0
401,OCC(CO)N[C@H]1C[C@](O)(CO)[C@@H](O)[C@H](O)[C@H]1O,0.0
402,CCCCCCCCC(=O)OCC,1.0
403,CC(C)NC(=O)C1=CC=C(C=O)C=C1,0.0
404,NC(=O)[C@@H]1C[C@]2(NC(=O)NC2=O)C2=C(O1)C=CC(F)=C2,0.0
405,FC1=CC=C(C=C1)C(=O)CCCN1CCC(CC1)N1C(=S)NC2=C1C=CC=C2,0.0
406,CC(C)OC(=O)CCCCC(=O)OC(C)C,0.0
407,C(NC1=C2N=CN=C2N=CN1)C1=CC=CO1,0.0
408,ClC(=O)C1=CC(Cl)=CC(Cl)=C1,0.0
409,C(OC1=CC=C(C=C1)C(C1=CC=C(OCC2CO2)C=C1)C1=CC=C(OCC2CO2)C=C1)C1CO1,1.0
410,CC1=C(O)C(C)=C2CCC(C)(COC3=CC=C(CC4SC(=O)NC4=O)C=C3)OC2=C1C,1.0
411,CCCCCCCCCCCCCCCCCBr,0.0
412,Cl.N[C@H]1C(O)O[C@H](CO)[C@@H](O)[C@@H]1O,0.0
413,FC1=CC=C(C=C1)[C@@H]1CCNC[C@H]1COC1=CC2=C(OCO2)C=C1,0.0
414,CO[C@H]1C[C@H](C)CC2=C(NCC=C)C(=O)C=C(NC(=O)\C(C)=C\C=C/[C@H](OC)[C@@H](OC(N)=O)\C(C)=C\[C@H](C)[C@H]1O)C2=O,0.0
415,CCCC1CCCCN1,0.0
416,OC1=C(Br)C=C(Br)C=C1Br,1.0
417,CC(C)(O)C1CCC(C)(O)CC1,0.0
418,CCCCC\C(CO)=C\C1=CC=CC=C1,0.0
419,CCNC(=O)NCCCOC1=CC=CC(CN2CCCCC2)=C1,0.0
420,CSCCC=O,1.0
421,CCCC[Sn](CCCC)(CCCC)CCCC,0.0
422,[Br-].CCC[N+]1(C)CCCCC1,0.0
423,C(COCC1CO1)OCC1CO1,0.0
424,ClS(Cl)(=O)=O,0.0
425,CCCCC(CC)COC(=O)C1=CC=C(C=C1)N(C)C,1.0
426,O=C1CC2=CC=CC=C2C1,1.0
427,OC(=O)CC(O)(CC(O)=O)C(O)=O,0.0
428,[Cl-].CCCCCCCCCCCC[N+](C)(C)CC1=CC=CC=C1,0.0
429,CCC(C)(NC(=O)C1=CC(Cl)=C(C)C(Cl)=C1)C(=O)CCl,1.0
430,CS([O-])(=O)=O.CCCCN1C=C[N+](C)=C1,0.0
431,C[C@@H](CO)NC(=O)[C@H]1CN(C)[C@@H]2CC3=CNC4=CC=CC(=C34)C2=C1,0.0
432,C[C@]1(O)CC[C@H]2[C@@H]3CCC4=CC(=O)C=C[C@]4(C)[C@H]3CC[C@]12C,0.0
433,OCC(CO)(CBr)CBr,0.0
434,CCN(CC)C(=O)C1=CC=C(C=C1)[C@@H](N1C[C@@H](C)N(CC=C)C[C@@H]1C)C1=CC=CC(OC)=C1,0.0
435,[Na+].[Na+].CC1=C(C=CC(=C1)C1=CC(C)=C(C=C1)\N=N\C1=C(N)C2=C(C=CC=C2)C(=C1)S([O-])(=O)=O)\N=N\C1=CC(=C2C=CC=CC2=C1N)S([O-])(=O)=O,0.0
436,CC(C)OC(=O)CC1=CC=CC=C1,0.0
437,Cl.CC(CC1=CC2=C(OCO2)C=C1)NO,0.0
438,ClP(Cl)(Cl)=O,0.0
439,CN(C)CC1=CC(=C(O)C(=C1)C(C)(C)C)C(C)(C)C,1.0
440,CC(C=O)=CC1=CC=CC=C1,0.0
441,CN(C)CCOCCN(C)CCO,0.0
442,CN(C)CCCCCCN(C)C,0.0
443,C(N(CC1=CC=CC=C1)CC1=CC=CC=C1)C1=CC=CC=C1,1.0
444,ClCC1=CC=C(Cl)C=C1Cl,0.0
445,CCCCOC(=O)C(C)OC1=CC=C(OC2=CC=C(C=N2)C(F)(F)F)C=C1,1.0
446,OC(=O)CC[N+]([O-])=O,0.0
447,Cl.NCCNC(=O)C1=NC=C(Cl)C=C1,0.0
448,CC1=CC(=CC=C1)C#N,0.0
449,CCN1C=C[N+](C)=C1.FC(F)(F)S(=O)(=O)[N-]S(=O)(=O)C(F)(F)F,0.0
450,C1CC2=CC=CC=C2NC2=CC=CC=C12,0.0
451,CC(=O)S[C@@H]1CC2=CC(=O)CC[C@]2(C)[C@H]2CC[C@@]3(C)[C@@H](CC[C@@]33CCC(=O)O3)[C@H]12,1.0
452,CCN(CC)C1=CC(O)=C(C=C1)C(=O)C1=C(C=CC=C1)C(O)=O,1.0
453,Cl.O=C1OC(CCN2CCCCC2)OC1(C1=CC=CC=C1)C1=CC=CC=C1,0.0
454,CC(=O)OC1=CC=C(C=C1)C(C)=O,0.0
455,COC(=O)C1=CC2=C(C=C1)C=C(C=C2)C(=O)OC,0.0
456,CCC(=O)N(C1CCN(CCC2=CC=CC=C2)CC1)C1=CC=C(F)C=C1,0.0
457,CC(=O)C(Cl)(Cl)Cl,0.0
458,CCCCCC[C@@H](CCC)C(O)=O,0.0
459,OC1=CC=CC2=CC=CN=C12,1.0
460,O=S1(=O)CC=CC1,0.0
461,C\C=C\C=C\CCCCCCCO,1.0
462,C[C@H]1O[C@H](C[C@H](O)[C@@H]1O[C@H]1C[C@H](O)[C@H](O[C@H]2C[C@H](OC(C)=O)[C@H](O[C@@H]3O[C@H](CO)[C@@H](O)[C@H](O)[C@H]3O)[C@@H](C)O2)[C@@H](C)O1)O[C@H]1CC[C@@]2(C)[C@H](CC[C@@H]3[C@@H]2C[C@@H](O)[C@]2(C)[C@H](CC[C@]32O)C2=CC(=O)OC2)C1,0.0
463,CC(=C)C(=O)OCCOP(O)(=O)OCCOC(=O)C(C)=C,0.0
464,OC(=O)\C=C/C(O)=O.CCC(COC(=O)C1=CC(OC)=C(OC)C(OC)=C1)(N(C)C)C1=CC=CC=C1,0.0
465,[Na+].[Na+].[Na+].S=C1[N-]C(=S)[N-]C(=S)[N-]1,0.0
466,[O-][N+](=O)C1=CC=C(SC#N)C(=C1)[N+]([O-])=O,0.0
467,OC[C@@H](O)[C@@H](O)[C@H](O)[C@@H](O)C(O)=O,0.0
468,CCC(C)OC(C)CC,0.0
469,N#CCCSCCC#N,0.0
470,CC[C@@H](C)[C@H](N)C(O)=O,0.0
471,ClC1=C(C=O)C=CC=C1,0.0
472,CCCCCCCCCCCCCCCC(=O)OC[C@@H](NC(=O)C(Cl)Cl)[C@H](O)C1=CC=C(C=C1)[N+]([O-])=O,0.0
473,OCC(O)CCl,0.0
474,CCC(C)C1SC(C)C(C)=N1,1.0
475,CCOC1=C2O[C@H]3[C@@H](O)C=C[C@H]4[C@H]5CC(C=C1)=C2[C@@]34CCN5C,0.0
476,OC(=O)CC1=CC=CC=C1,1.0
477,CCCCC\C=C/C\C=C/C\C=C/C\C=C/CCCC(=O)NCC(O)=O,0.0
478,CCCCCCCC(=O)OCC,0.0
479,COP(N)(=O)SC,0.0
480,COC1=C(O)C=CC(CC=C)=C1,0.0
481,CCCCC(=O)O[C@H]1CC[C@H]2[C@@H]3CCC4=CC(O)=CC=C4[C@H]3CC[C@]12C,0.0
482,COP(OC)OC,0.0
483,COC1CN(CCCOC2=CC=C(F)C=C2)CCC1NC(=O)C1=CC(Cl)=C(N)C=C1OC,0.0
484,CC1(C)NC(=O)N(C1=O)C1=CC(=C(C=C1)[N+]([O-])=O)C(F)(F)F,1.0
485,COC1=C(O)C=CC(=C1)[C@H]1OC2=C(O[C@@H]1CO)C=CC(=C2)[C@H]1OC2=C(C(O)=CC(O)=C2)C(=O)[C@@H]1O,0.0
486,CCC1=CC=CC(CC)=C1N(COC)C(=O)CCl,1.0
487,CCCCOCCOC(=O)COC1=C(Cl)C=C(Cl)C=C1,0.0
488,CC=C(C)C(=O)OCCC(C)CCC=C(C)C,0.0
489,NC1=CC(=C(O)C=C1)[N+]([O-])=O,0.0
490,[Br-].C[N+]1(C)[C@H]2CC(C[C@@H]1[C@H]1O[C@@H]21)OC(=O)C(O)(C1=CC=CS1)C1=CC=CS1,0.0
491,COC1=CC=C(C=C1)C(=O)N1CCN(CC(=O)N2CCOCC2)CC1,0.0
492,CC(=C)[C@@H]1CCC(C)=CC1,1.0
493,COC1=C2O[C@H]3[C@H](O)CC[C@H]4[C@H]5CC(C=C1)=C2[C@@]34CCN5C,0.0
494,NC1=NC(Cl)=NC(N)=N1,0.0
495,CC[C@H]1OC(=O)[C@H](C)[C@@H](O[C@H]2C[C@@](C)(OC)[C@@H](O)[C@H](C)O2)[C@H](C)[C@@H](O[C@@H]2O[C@H](C)C[C@@H]([C@H]2O)N(C)C)[C@@](C)(C[C@@H](C)C(=O)[C@H](C)[C@@H](O)[C@]1(C)O)OC,0.0
496,CN\C(NCCSCC1=CSC(N=C(N)N)=N1)=N/C#N,0.0
497,CC1=CC(C)=C(C=C1)[N+]([O-])=O,0.0
498,CCCC1CCCC(=O)O1,1.0
499,OCCCCC(O)CO,0.0
500,CC[C@H](C)COC(=O)\C=C\C1=CC=C(C=C1)\N=C\C1=CC=C(OC)C=C1,0.0
501,CCOC(=O)CC(SP(=S)(OC)OC)C(=O)OCC,1.0
502,[O-][N+](=O)C1=CC=C2C(=O)OC(=O)C2=C1,0.0
503,OCCS(O)(=O)=O.OCCS(O)(=O)=O.NC(=N)C1=CC=C(OCCCCCOC2=CC=C(C=C2)C(N)=N)C=C1,0.0
504,[O-][N+](=O)C1=CC=C(CCl)C=C1,0.0
505,CC(C)=CCCC(C)=CCCC(C)=CCO,1.0
506,CNC(=O)OC1=CC2=C(C=C1)N(C)[C@H]1N(C)CC[C@@]21C,1.0
507,CCCCCC[C@@H](O)C\C=C/CCCCCCCC(=O)OC,0.0
508,COC1=CC=CC(C=O)=C1,0.0
509,CC1=C(F)C(F)=C(COC(=O)C2C(\C=C(/Cl)C(F)(F)F)C2(C)C)C(F)=C1F,1.0
510,CCCCCCOC1=CC=C(O)C=C1,1.0
511,[Cl-].CCCCCCCCCCCCCC[P+](CCCCCC)(CCCCCC)CCCCCC,0.0
512,CCCCNC1=CC=C(C=C1)C(=O)OCCOCCOCCOCCOCCOCCOCCOCCOCCOC,0.0
513,CC1(C)CC(CC(C)(CN=C=O)C1)N=C=O,0.0
514,OS(O)(=O)=O.NC1=NC(N)=C(N)C(N)=N1,0.0
515,[Li+].OC(=O)C1=CC(=CC(=C1)S(O)(=O)=O)C([O-])=O,0.0
516,NC1=NC(=O)NC=C1,0.0
517,CN(C)[C@H]1[C@@H]2[C@@H](O)[C@H]3C(=C(O)[C@]2(O)C(=O)C(C(N)=O)=C1O)C(=O)C1=C(C=CC=C1O)[C@@]3(C)O,1.0
518,OS(O)(=O)=O.OC1=C2N=CC=CC2=CC=C1.OC1=C2N=CC=CC2=CC=C1,0.0
519,OC(=O)C1=CC=C(NC(=O)C2=CC=CC=C2)C=C1O,0.0
520,CC1=CC=CC=C1S,1.0
521,CCC(C(=O)NC(=O)NC(C)=O)C1=CC=CC=C1,0.0
522,CCCCCCCCCCCC(=O)N(CC)CC,0.0
523,[K+].CCC1=CC(=CC2=C1OCO2)C1=C(N(C2=CC=CC=C2C(F)(F)F)S(=O)(=O)C2=C1C=CC=C2)C([O-])=O,1.0
524,C[C@@H](O)[C@@H]1[C@H]2[C@@H](C)C(S[C@@H]3CN[C@@H](C3)C(=O)N(C)C)=C(N2C1=O)C(O)=O,0.0
525,CCO[Si](CCCN)(OCC)OCC,0.0
526,CC(O)COC(C)(C)C,0.0
527,CNC1=NC=NC2=C1N=CN2,0.0
528,CCCCCCCCC(=O)NCC1=CC(OC)=C(O)C=C1,1.0
529,CC(NNC(=O)C1=CC=CC=C1)C1=CC=CC=C1,0.0
530,[Cl-].CCCCCCCCCCCCCCCC[N+](C)(C)CC1=CC=CC=C1,0.0
531,CCCCCC=CCC1CC(=O)OC1=O,0.0
532,Cl.COC(=O)[C@@H](N)CC1=CC(O)=C(O)C=C1,0.0
533,[Na+].CC1(C)S[C@@H]2[C@H](NC(=O)[C@@H](NC(=O)N3CCNC3=O)C3=CC=CC=C3)C(=O)N2[C@H]1C([O-])=O,0.0
534,ON1N=NC2=C1C=CC=C2,0.0
535,[Na+].COC1=CC=C(C=C1)C(=O)C(\Br)=C/C([O-])=O,1.0
536,COC1=C2N=CN([C@@H]3O[C@H](CO)[C@@H](O)[C@@H]3O)C2=NC(N)=N1,0.0
537,[Cl-].[Cl-].C[N+](C)(C)CCCCCC[N+](C)(C)C,0.0
538,CNP(=O)(OC)OC1=CC=C(C=C1Cl)C(C)(C)C,0.0
539,C(OCC1=CC=CC=C1)C1=CC=CC=C1,0.0
540,CNC(=O)N(C)C1=NN=C(S1)C(C)(C)C,1.0
541,CC(C)CCCC(C)CCCC(C)CCCCC(C)CCCC(C)CCCC(C)C,0.0
542,C1CN=C2CCCCCN2C1,0.0
543,C[C@](N)(CC1=CC=C(O)C=C1)C(O)=O,0.0
544,OC(=O)C1=CC=C2C(=O)OC(=O)C2=C1,0.0
545,[O-][N+](=O)C1=CC(=CC=C1)C(Cl)=O,0.0
546,[Cl-].CN(C)C1=CC=C(C=C1)C(C1=CC=C(C=C1)N(C)C)=C1C=CC(C=C1)=[N+](C)C,0.0
547,NC(=O)OC1=CC=C(CC2=CC=CC=C2)C=C1,0.0
548,[Na+].C[C@@H]1C[C@H]2[C@@H]3CCC4=CC(=O)C=C[C@]4(C)[C@@]3(F)[C@@H](O)C[C@]2(C)[C@@]1(O)C(=O)COC(=O)C1=CC=CC(=C1)S([O-])(=O)=O,0.0
549,CCCC1=NC=C(S1)C(O)=O,0.0
550,[O-]S(=O)(=O)C(F)(F)F.CCCCN1C=C[N+](C)=C1,0.0
551,NC1=NC2=C(S1)C=C(OC(F)(F)F)C=C2,0.0
552,OCCCCOC=C,0.0
553,CC(O)=O,0.0
554,COC1=CC(CC=C)=CC(C(=O)NCCO)=C1O,0.0
555,NCCCC(O)=O,0.0
556,COC1=C(N)C=C(NC(C)=O)C=C1,0.0
557,[Na+].OC[C@@H](O)[C@H]1OC(=O)C(O)=C1[O-],0.0
558,NC1=CC2=C(C=C1)C=C(C=C2)S(O)(=O)=O,0.0
559,NC1=CC2=C(C=C1)C=C(C=C2O)S(O)(=O)=O,0.0
560,N#CC1=CC=C(C=C1)C(N1C=NC=N1)C1=CC=C(C=C1)C#N,0.0
561,C[C@@H]1CC[C@@H](\C=C(/C)C(O)=O)C2=C(C)C[C@@H](O)[C@H]12,0.0
562,CC1=CC=C(C=C1)C(Cl)=O,0.0
563,Br.COC1=C2CN(C)CCC2=CC2=C1OCO2,0.0
564,CCOC1=NC(F)=CC2=NC(=NN12)S(=O)(=O)NC1=C(C=CC=C1Cl)C(=O)OC,1.0
565,CC1=CC(CC(O)=O)=C(C)N1C1=CC=C(Cl)C=C1,0.0
566,C[C@@H]1O[C@@H](O[C@@H]2[C@@H](O)[C@H](OCCC3=CC=C(O)C(O)=C3)O[C@H](CO[C@@H]3O[C@H](CO)[C@@H](O)[C@H](O)[C@H]3O)[C@H]2OC(=O)\C=C\C2=CC(O)=C(O)C=C2)[C@H](O)[C@H](O)[C@H]1O,0.0
567,FC1=CC=CC(F)=C1C(=O)NC(=O)NC1=CC(OC2=NC=C(C=C2Cl)C(F)(F)F)=C(Cl)C=C1,0.0
568,O=C1N=NNC2=C1C=CC=C2,1.0
569,CC(C)[C@H](SC(C)=O)C(=O)N[C@H]1CC2=C(C=CC=C2)[C@H]2CCC[C@H](N2C1=O)C(O)=O,1.0
570,CC(C)CCC[C@@H](C)CCC[C@@H](C)CCC\C(C)=C\CC1=C(C)C(=O)C2=C(C=CC=C2)C1=O,0.0
571,NCCN1CCNCC1,0.0
572,CCOC(=O)CCC(=O)O[C@H]1[C@H](O[C@@H]2[C@@H](C)[C@H](O[C@H]3C[C@@](C)(OC)[C@@H](O)[C@H](C)O3)[C@@H](C)C(=O)O[C@H](CC)[C@@](C)(O)[C@H](O)[C@@H](C)C(=O)[C@H](C)C[C@@]2(C)O)O[C@H](C)C[C@@H]1N(C)C,0.0
573,OC[C@H]1O[C@](O)(CO)[C@@H](O)[C@@H]1O,0.0
574,CC(C)O,0.0
575,OS(O)(=O)=O.CNC(C)(C)CC1=CC=CC=C1.CNC(C)(C)CC1=CC=CC=C1,0.0
576,CC1=CC=C(O)C(N)=C1,0.0
577,COP(=S)(OC)OC1=CC=C(C=C1Cl)[N+]([O-])=O,0.0
578,CN\C(NCCSCC1=C(C)NC=N1)=N/C#N,0.0
579,CC(=O)OCC(CCN1C=NC2=C1N=C(N)N=C2)COC(C)=O,0.0
580,C1CCC(CC1)N=C=NC1CCCCC1,1.0
581,CC(C)[C@H]1NC(=O)[C@@H](NC(=O)C2=C3N=C4C(OC3=C(C)C=C2)=C(C)C(=O)C(N)=C4C(=O)N[C@H]2[C@@H](C)OC(=O)[C@H](C(C)C)N(C)C(=O)CN(C)C(=O)[C@@H]3CCCN3C(=O)[C@H](NC2=O)C(C)C)[C@@H](C)OC(=O)[C@H](C(C)C)N(C)C(=O)CN(C)C(=O)[C@@H]2CCCN2C1=O,0.0
582,COC1=CC=C(C=C1)N1N=C(CCC(=O)N(C)O)C=C1C1=CC=C(Cl)C=C1,0.0
583,CC(=O)CC(C)=O,0.0
584,Cl.CCCCNC1=CC=C(C=C1)C(=O)OCCN(C)C,0.0
585,Cl.Cl.C(CNCC1=CC=CC=C1)NCC1=CC=CC=C1,0.0
586,NC1=C(Cl)C(=O)N(N=C1)C1=CC=CC=C1,1.0
587,CC(O)=O.CC(C)C1=CC=C2C(CC[C@H]3[C@](C)(CN)CCC[C@]23C)=C1,0.0
588,[Na+].[Na+].CC1(C)S[C@@H]2[C@H](NC(=O)C(C([O-])=O)C3=CC=CC=C3)C(=O)N2[C@H]1C([O-])=O,0.0
589,COC1=CC=C2[C@H]([C@H](C3=CC=CC=C3)C(C)(C)OC2=C1)C1=CC=C(OCCN2CCCC2)C=C1,0.0
590,O=C1C=C(OC2=C1C1=C(C=CC=C1)C=C2)C1=CC=CC=C1,1.0
591,[Br-].CC[N+](CC)(CC)CCOC(=O)C(C1CCCC1)C1CCCC1,0.0
592,OS(O)(=O)=O.CCN(CCO)CCCC(C)NC1=CC=NC2=CC(Cl)=CC=C12,0.0
593,C=CC(=O)OCCOCCOCCOCCOC(=O)C=C,0.0
594,NNC1=NC(=CS1)C1=CC=CC=C1,0.0
595,NC1CCC(CC2CCC(N)CC2)CC1,0.0
596,[Na+].[O-]C(=O)C1=CN=CC=C1,0.0
597,OCCC1=CC=C(C=C1)[N+]([O-])=O,0.0
598,CC1=C(C=CC=C1)N=O,0.0
599,CC1=C(N)C=CC=C1C(F)(F)F,0.0
600,CCCCCCCCCC(C)C=O,1.0
601,CS(=O)(=O)CCNCC1=CC=C(O1)C1=CC2=C(NC3=CC=C(OCC4=CC(F)=CC=C4)C(Cl)=C3)N=CN=C2C=C1,0.0
602,CC(=C)C(=O)OCC1=CC=CC=C1,1.0
603,NNC(N)=S,0.0
604,CCCCCCCC\C=C/CCCCCCCC(O)=O,0.0
605,CC(C)OC(C)C,0.0
606,Cl.C[N+]1([O-])[C@H]2CC[C@@H]1C[C@@H](C2)OC(=O)C(CO)C1=CC=CC=C1,0.0
607,[Na+].[Na+].[O-]S(=O)(=O)C1=CC=CC=C1C=CC1=CC=C(C=C1)C1=CC=C(C=CC2=CC=CC=C2S([O-])(=O)=O)C=C1,0.0
608,C[C@H]1CCC[C@@H](C)N1CCCC(O)(C1=CC=CC=C1)C1=CC=CC=N1,0.0
609,CSC(C)(C)C=NO,0.0
610,OC(=O)C1=CC(=CC(=C1)C(O)=O)C(O)=O,0.0
611,CC(C)CCC(=O)O[C@H]1CC[C@H]2[C@@H]3CCC4=CC(=O)CC[C@]4(C)[C@H]3CC[C@]12C,0.0
612,CCCCCC1=CC=C(C)C=C1O,0.0
613,CSC1=NC=CN=C1,0.0
614,O=C1NN=CC2=CC=CC=C12,0.0
615,COC(=O)C1=C(OC)C=CC=C1,0.0
616,Cl.NCC1(CC2=NOC(=O)N2)CCCCC1,0.0
617,CC1=CC=C(C=C1)S(=O)(=O)NC(=O)NN1CC2CCCC2C1,0.0
618,CCCCCCCC(C)=O,0.0
619,CCCC(=O)C(O)=O,0.0
620,OC(=O)C1=C(O)C=CC=C1.OC1=C2N=CC=CC2=CC=C1,0.0
621,CCNC1=NC(NC(C)C)=NC(OC)=N1,0.0
622,CN1CCN(CC1)C1=CC2=C(OC3=CC=CC=C3N2C)N=N1,0.0
623,CC(C)C1=C(CN(C)C(C)CC2=CC=CC=C2)N(C)N(C1=O)C1=CC=CC=C1,0.0
624,CC1(C)O[C@@H]2C[C@H]3[C@@H]4CCC5=CC(=O)C=C[C@]5(C)[C@@]4(F)[C@@H](O)C[C@]3(C)[C@@]2(O1)C(=O)CO,1.0
625,CC(=O)[C@@]1(O)CC[C@H]2[C@@H]3CCC4=CC(=O)CC[C@]4(C)C3(F)[C@@H](O)C[C@]12C,0.0
626,[Na+].CP([O-])(=O)OCCC[Si](O)(O)O,0.0
627,CC1=C(C=CC=C1COC(=O)[C@H]1[C@@H](\C=C(/Cl)C(F)(F)F)C1(C)C)C1=CC=CC=C1,1.0
628,COC1=CC(=CC(OC)=C1O)[C@H]1[C@@H]2C(COC2=O)C(O[C@@H]2O[C@@H]3COC(O[C@H]3[C@H](O)[C@H]2O)C2=CC=CS2)C2=CC3=C(OCO3)C=C12,0.0
629,O=C(NC1=CC=CC=C1)NC1=CC=CC=C1,0.0
630,C1CCC(CC1)N(SC1=NC2=C(S1)C=CC=C2)C1CCCCC1,1.0
631,CS(O)(=O)=O.CCN1C=C(C(O)=O)C(=O)C2=C1C=C(N1CCN(C)CC1)C(F)=C2,0.0
632,CC(C)OC(C)=O,0.0
633,NC(=O)C1=CC=C(C=C1)[N+]([O-])=O,0.0
634,CC(C)=CC1C(C(=O)OCC2=COC(CC3=CC=CC=C3)=C2)C1(C)C,1.0
635,CCCC(CC)C1=CC=CC=C1,1.0
636,[O-][N+](=O)C1=C(Cl)C=CC=C1,0.0
637,CC(=C)C(=O)OCCOC1=CC=CC=C1,0.0
638,CC1=CC=C(\N=N\C2=C(O)C=CC3=CC=CC=C23)C(C)=C1,1.0
639,CCCC[Sn](Cl)(CCCC)CCCC,0.0
640,O=C(C(C1=CC=CC=C1)C1=CC=CC=C1)C1C(=O)C2=C(C=CC=C2)C1=O,0.0
641,COC(=O)[C@H](CC1=CC=CC=C1)NC(=O)[C@@H](N)CC(O)=O,0.0
642,CO[C@H]1\C=C\O[C@@]2(C)OC3=C(C2=O)C2=C(C(O)=C3C)C(O)=C(NC(=O)\C(C)=C/C=C/[C@H](C)[C@H](O)[C@@H](C)[C@@H](O)[C@@H](C)[C@H](OC(C)=O)[C@@H]1C)C1=C2N=C2C=C(C)C=CN12,0.0
643,NCCCN1CCOCC1,0.0
644,Cl.ClCCN1CCOCC1,0.0
645,CCOC(=O)[C@H](CCC1=CC=CC=C1)N[C@@H](C)C(=O)N1[C@H]2CCCC[C@@H]2C[C@H]1C(O)=O,0.0
646,C[C@]12CC[C@H]3[C@@H](CCC4=CC(O)=CC=C34)[C@@H]1CC[C@@H]2OC(=O)CCC1CCCC1,1.0
647,CCC(COC(=O)C(C)=C)(COC(=O)C(C)=C)COC(=O)C(C)=C,1.0
648,OC1=CC2=C(CC3=CC=CC=C23)C=C1,0.0
649,CC1=CC=C(N)C(=C1)S(O)(=O)=O,0.0
650,OC(=O)CCS,0.0
651,CC(=O)OCC(=O)[C@@]12OC3(CCCC3)O[C@@H]1C[C@H]1[C@@H]3CCC4=CC(=O)C=C[C@]4(C)[C@@]3(F)[C@@H](O)C[C@]21C,0.0
652,CCSCC1=C(OC(=O)NC)C=CC=C1,0.0
653,Cl.C[C@H]1CCC[C@@H](C)N1,0.0
654,ClC(Cl)C(Cl)(Cl)Cl,0.0
655,CC(=O)O[C@H]1CC[C@]2(C)[C@H]3CC[C@@]4(C)[C@@H](CC=C4C4=CN=CC=C4)[C@@H]3CC=C2C1,0.0
656,[I-].CCCC[N+]1(C)CCCC1,0.0
657,OC(CCl)CCl,0.0
658,NC1=CC=C2C=C3C=CC=CC3=CC2=C1,1.0
659,CC1=C(C=CC=C1C(O)=O)[N+]([O-])=O,0.0
660,OC(=O)CCNC(=O)C1=CC=CC=C1,0.0
661,NC1=CC=C(C=C1)C(=O)N1CC2CC(CN(CC3=CC=CC=C3)C2)C1,0.0
662,Br.CCCCN1CN(C)C=C1,0.0
663,COCC(C)OC(C)=O,0.0
664,CCCCCOC(C)=O,0.0
665,[Na+].[O-]S(=O)(=O)C1=CC=C(C=C)C=C1,0.0
666,NCC1=CC=CC(=C1)C1CCN(CC1)C(=O)C1=CC=C(O1)C#CC1=CC=CC=C1F,0.0
667,CCC1=CC=C(O)C=C1,0.0
668,CCC1=C(O)C(=O)C=CO1,0.0
669,CCCCC(CC)COC(=O)CCCCC(=O)OCC1=CC=CC=C1,1.0
670,C[C@]1(O)CC[C@H]2[C@@H]3CC[C@H]4CC5=NON=C5C[C@]4(C)[C@H]3CC[C@]12C,0.0
671,C1C2OC2C2C3CC(C4OC34)C12,0.0
672,[Na+].[Na+].[O-]C(=O)C1=C(C=CC=C1)C1=C2C=C(Br)C(=O)C(Br)=C2OC2=C1C=C(Br)C([O-])=C2Br,1.0
673,CC(C)(C)C1CCCCC1O,0.0
674,CN1C(=O)OC(C)(C)C1=O,0.0
675,CC1=C(N)C=CC(=C1)N=NC1=C(C)C=CC=C1,1.0
676,NNC(=S)NN,0.0
677,O.O.[Ca++].[O-]C(=O)[C@H](CC(=O)N1C[C@H]2CCCC[C@H]2C1)CC1=CC=CC=C1.[O-]C(=O)[C@H](CC(=O)N1C[C@H]2CCCC[C@H]2C1)CC1=CC=CC=C1,0.0
678,OC(=O)CCCC1=CC=C(C=C1)N(CCCl)CCCl,0.0
679,CC(C)(C)C1=C(O)C=CC=C1,0.0
680,CCN(CC1=C(Cl)C=CC=C1F)C1=C(C=C(C=C1[N+]([O-])=O)C(F)(F)F)[N+]([O-])=O,1.0
681,C[C@H](\C=C\[C@@H](O)C1CC1)[C@H]1CC[C@H]2\C(CCC[C@]12C)=C\C=C1\C[C@@H](O)C[C@H](O)C1=C,0.0
682,CC1(C)CC(CC(C)(C)N1)OC(=O)CCCCCCCCC(=O)OC1CC(C)(C)NC(C)(C)C1,0.0
683,CC(=O)OC1=CC=C(C)C=C1,0.0
684,CC1=CC=C(N)C(N)=C1,0.0
685,OCC(S)CS,0.0
686,NC1=CC=CC=C1C(=O)OCC(O)CO,0.0
687,OC(=O)CF,0.0
688,Cl.CCCCNC1=C(C(=O)OCC)C(C)=NC2=C1C=NN2CC,0.0
689,CCC(CO)(CO)COCC(CC)(CO)CO,0.0
690,CCCCCCCCCCCCCC(=O)OC(C)C,0.0
691,CC(=O)NC1=CC=C(NC(=S)NC(=O)C2=CC=C(C=C2)C(C)(C)C)C=C1,0.0
692,CC(CN1C2=CC=CC=C2SC2=C1C=C(C=C2)S(=O)(=O)N(C)C)N(C)C,0.0
693,OC(=O)C1=CC=C(C=C1)N1N=C(N=C1C1=CC=CC=C1O)C1=CC=CC=C1O,0.0
694,NC1=NC=NC2=C1N=CN2[C@@H]1O[C@H](COP(O)(=O)OP(O)(=O)OP(O)(O)=O)[C@@H](O)[C@H]1O,0.0
695,CCCCNS(=O)(=O)C1=CC=C(C)C=C1,1.0
696,OC(=O)COC1=C(\C=N\NC(=O)C2=CC=NC=C2)C=CC=C1,0.0
697,CCNC1=NC(NC(C)C)=NC(Cl)=N1,1.0
698,C=CCNCC=C,1.0
699,ClC(Cl)=C(C1=CC=C(Cl)C=C1)C1=CC=C(Cl)C=C1,1.0
700,CN1CCN(CC(=O)N2C3=C(C)SC=C3C(=O)NC3=CC=CC=C23)CC1,0.0
701,COC(=O)C1=C(C)NC(C)=C(C1C1=CC(=CC=C1)[N+]([O-])=O)C(=O)OCCC1=CC=C(C=C1)N1CCN(CC1)C(C1=CC=CC=C1)C1=CC=CC=C1,0.0
702,C=CCN1C(=O)N(CC=C)C(=O)N(CC=C)C1=O,0.0
703,CC1=CC2=C(C=C1)C=C(C)C=C2,0.0
704,CC1(C)C2CCC(C)(C2)C1=O,0.0
705,CCC(C)C(C)=O,0.0
706,CC(C)(CCl)C1=CC=CC=C1,0.0
707,OC1=CC=C(C=C1)\N=N\C1=CC=CC=C1,0.0
708,CCOC(=O)OC(=O)OCC,0.0
709,Cl.CN(C)CCCN1C2=C(SC3=C1C=C(Cl)C=C3)C=CC=C2,0.0
710,[Na+].[O-]S(=O)(=O)CCS,0.0
711,CC1(C)COP(OC2=CC=CC=C2)OC1,0.0
712,Cl.NC1(CCCCC1)C1=CC=CC=C1,0.0
713,[Na+].[Na+].OC(CC1=CC=CN=C1)(P(O)([O-])=O)P(O)([O-])=O,0.0
714,CCC(CC1=C(I)C(O)=C(I)C=C1I)C(O)=O,0.0
715,OC1=CC=CC2=CC=CC=C12,1.0
716,CC1=CC(=CC=C1NC(=O)C1=CC=CC(I)=C1C(=O)NC(C)(C)CS(C)(=O)=O)C(F)(C(F)(F)F)C(F)(F)F,1.0
717,[Na+].CCCOC1=NN(C(=O)[N-]S(=O)(=O)C2=C(C=CC=C2)C(=O)OC)C(=O)N1C,1.0
718,COC1=CC2=C(C=C1OC)[C@H]1[C@@H](CO2)OC2=C(C=CC3=C2C[C@@H](O3)C(C)=C)C1=O,0.0
719,CCCCCCCCCCCCCCO,0.0
720,CCCCOC(=O)C(=O)NC1=CC(=CC=C1)C1=NN=NN1,0.0
721,COC(=O)COC1=C(Cl)C=C(Cl)C=C1,0.0
722,CCCC(=NOCC)C1=C(O)CC(CC(C)SCC)CC1=O,1.0
723,CNC[C@H](O)[C@@H](O)[C@@H](O)[C@H](O)CO.CC1=C(C=CC=C1NC1=NC=CC=C1C(O)=O)C(F)(F)F,0.0
724,COC1=CC=C2NC(=NC2=N1)S(=O)CC1=C(C)C(OC)=C(C)C=N1,0.0
725,NC1=C(Cl)C(=CC(Cl)=C1)C(O)=O,0.0
726,CC[C@H]1C[C@H]2[C@@H]3CCC4=CC(=O)CC[C@@H]4[C@H]3CC[C@]2(C)[C@H]1O,0.0
727,OC(CCCN1CCCCC1)(C1=CC=CC=C1)C1=CC=CC=C1,0.0
728,CC1CCCC(C)N1NC(=O)C1=CC=C(Cl)C(=C1)S(N)(=O)=O,0.0
729,OC(=O)CCCCCCCCC(O)=O,0.0
730,COC(=O)CC[C@H](N)C(O)=O,0.0
731,COC(=O)C1=C(C=CC(Cl)=C1)[N+]([O-])=O,0.0
732,CON(C(=O)OC)C1=C(COC2=NN(C=C2)C2=CC=C(Cl)C=C2)C=CC=C1,1.0
733,Cl.CCCC(=O)N1CCCN(CC1)C1=NC2=C(C=C(OC)C(OC)=C2)C(N)=N1,0.0
734,C[C@H]1C[C@H]2[C@@H]3CCC4=CC(=O)C=C[C@]4(C)[C@@]3(F)[C@@H](O)C[C@]2(C)[C@@]1(O)C(=O)CO,1.0
735,Cl.CC1=CNN=C1,0.0
736,OC(=O)CN(CCOCCOCCN(CC(O)=O)CC(O)=O)CC(O)=O,0.0
737,CCOC(=O)C1=C(C)C=CC=C1,0.0
738,OC(=O)[C@@H]1CSCN1C(=O)[C@@H]1CCC(=O)N1,0.0
739,CSC1=CC=C(OC2=CC=C(C=C2CN(C)C)S(N)(=O)=O)C=C1C,1.0
740,CC1=CC=C(Cl)C=C1Cl,0.0
741,Cl.CCNCC(O)C1=CC=CC(O)=C1,0.0
742,OC(=O)CC(O)(CC(O)=O)C(O)=O.CN(C)CCOC1=CC=C(C=C1)C(=C(\CCCl)C1=CC=CC=C1)\C1=CC=CC=C1,1.0
743,NC1=CC=C(C=C1)S(=O)(=O)NC1=CN=C2C=CC=CC2=N1,0.0
744,[Na+].[O-][N+](=O)C1=CC(=CC=C1)S([O-])(=O)=O,0.0
745,COC(F)(F)C(Cl)Cl,0.0
746,O=C1CCC(=NN1)C1=CC=C(C=C1)N1C=CN=C1,0.0
747,CCC1=CC=C(CC)C=C1,0.0
748,[K+].[O-]C(=O)CC1=C2C=CC=CC2=CC=C1,0.0
749,NCC(O)CC(O)=O,0.0
750,[O-][N+](=O)C1=C(C=CC=C1)[N+]([O-])=O,0.0
751,N[C@H](CCC(O)=O)C(O)=O,0.0
752,Cl.COC1=CC(OC)=C(C(=O)CCCN2CCCC2)C(OC)=C1,0.0
753,CC(=O)CC(=O)NC1=CC=CC=C1,0.0
754,CC(C)(OO)C1=CC=CC=C1,0.0
755,OC1N=C(C2=CC=CC=C2Cl)C2=CC(Cl)=CC=C2NC1=O,0.0
756,CN(C)CC\C=C1/C2=CC=CC=C2SC2=C1C=C(Cl)C=C2,0.0
757,CC(C)(CCC(O)=O)C(O)=O,0.0
758,CC1=C(C(=NO1)C1=CC=CC=C1)C1=CC=C(C=C1)S(N)(=O)=O,0.0
759,ClCCOP(OCCCl)OCCCl,0.0
760,O=C1CCCC(=O)C1,0.0
761,[Na+].CCN(CC)C1=CC=C(C=C1)C(=C1C=CC(C=C1)=[N+](CC)CC)C1=CC=C(C=C1S([O-])(=O)=O)S([O-])(=O)=O,1.0
762,Cl.CCCCOC1=CC=C(OCCCN2CCOCC2)C=C1,0.0
763,NC1=NC2=C(S1)C=CC=C2,0.0
764,O=C1NC(=O)C2=CC=CC=C2O1,0.0
765,CN1[C@H]2CC[C@@H]1C[C@@H](C2)OC(=O)C1=CC(Cl)=CC(Cl)=C1,0.0
766,CCCC[N+]1(C)CCCC1.FC(F)(F)S(=O)(=O)[N-]S(=O)(=O)C(F)(F)F,0.0
767,CC(=O)O[C@]1(C(C)=O)C(=C)C[C@H]2[C@@H]3C=C(C)C4=CC(=O)CC[C@]4(C)[C@H]3CC[C@]12C,1.0
768,CCN(CCO)CCO,0.0
769,NC(=S)C1=C(Cl)C=CC=C1Cl,0.0
770,CC[C@]1(O)C[C@H]2C[N@@](C1)CCC1=C(NC3=C1C=CC=C3)[C@@](C2)(C(=O)OC)C1=CC2=C(C=C1OC)N(C=O)[C@@H]1[C@]22CCN3CC=C[C@](CC)([C@@H]23)[C@@H](OC(C)=O)[C@]1(O)C(=O)OC,0.0
771,CCC(=O)NCCC1CCC2=CC=C3OCCC3=C12,0.0
772,CCCCN(CC)C1=C(C=C(C=C1[N+]([O-])=O)C(F)(F)F)[N+]([O-])=O,1.0
773,C[C@]12CC[C@H]3[C@@H](CCC4=CC(OC(=O)C5=CC=CC=C5)=CC=C34)[C@@H]1CC[C@@H]2O,0.0
774,OC1CCCCC1,0.0
775,CNC(=O)OC1=CC=CC=C1OC(C)C,1.0
776,CCCCC(O)C1=CC=CC=C1,0.0
777,CC1=C(C)C(OCC(O)CNC(C)(C)C)=CC=C1,0.0
778,O=S1OCCO1,0.0
779,CC(=O)C1=CC=C(C)C=C1,0.0
780,CCN(CC)CCOCCOC(=O)C1(CCCC1)C1=CC=CC=C1,0.0
781,CN1C=CC(=O)C(O)=C1C,0.0
782,C[C@H]1O[C@H](C[C@H](O)[C@@H]1O)O[C@H]1[C@@H](O)C[C@H](O[C@H]2[C@@H](O)C[C@H](O[C@H]3CC[C@@]4(C)[C@H](CC[C@@H]5[C@@H]4CC[C@]4(C)[C@H](CC[C@]54O)C4=CC(=O)OC4)C3)O[C@@H]2C)O[C@@H]1C,0.0
783,CCOP(=S)(OCC)SCSC1=CC=C(Cl)C=C1,1.0
784,COC1=CC=C(C)C=C1[N+]([O-])=O,0.0
785,CC(C)CC(C)(O)C#C,1.0
786,[Na+].CCOC([S-])=S,0.0
787,CCC1(CC2=C(C1)C=CC=C2)C1=CN=CN1,0.0
788,OC1=C(Br)C=C(C=C1Br)C#N,1.0
789,CC(C)CCC[C@@H](C)[C@H]1CC[C@H]2[C@@H]3CC=C4C[C@@H](O)CC[C@]4(C)[C@H]3CC[C@]12C,0.0
790,CCO[Si](CCCN=O)(OCC)OCC,1.0
791,COC1=CC=C2[C@H]3CC4=C5C(O[C@@H]1[C@@]25CCN3C)=C(OC)C=C4,0.0
792,OC[C@H]1O[C@@H](OC2=CC=C(O)C=C2)[C@H](O)[C@@H](O)[C@@H]1O,0.0
793,Cl.CN(C)CCN1N=NN=C1SCC1=C(N2[C@H](SC1)[C@H](NC(=O)CC1=CSC(N)=N1)C2=O)C(O)=O,0.0
794,CCC(=O)OCC(=O)[C@@]1(OC(=O)CC)[C@H](C)C[C@H]2[C@@H]3[C@H](Cl)CC4=CC(=O)C=C[C@]4(C)[C@H]3[C@@H](O)C[C@]12C,0.0
795,COC1=CC=CC2=C1C(=O)C1=C(C(O)=C3C[C@](O)(C[C@H](O[C@H]4C[C@H](N)[C@H](O[C@@H]5CCCCO5)[C@H](C)O4)C3=C1O)C(=O)CO)C2=O,0.0
796,CCCOC(=O)C1=CC=C(O)C=C1,1.0
797,[Ag+].NC1=CC=C(C=C1)S(=O)(=O)[N-]C1=NC=CC=N1,0.0
798,OCCN1C[C@H](O)[C@@H](O)[C@H](O)[C@H]1CO,0.0
799,COC(C)(OC)OC,0.0
800,C[C@]12CC[C@H]3[C@@H](CCC4=CC(O)=CC=C34)[C@@H]1CC[C@@H]2O,1.0
801,N#CC1=CSC=N1,1.0
802,N\C(C#N)=C(/N)C#N,0.0
803,CC(=O)C1CCOC1=O,0.0
804,CN1C=C(C(=O)C(=C1)C1=CC(=CC=C1)C(F)(F)F)C1=CC=CC=C1,1.0
805,OC1=C(C=CC2=C1C=CC=C2)C(=O)OC1=CC=CC=C1,1.0
806,FC1=CC=C(C=C1)C(=O)CCCN1CCC(CC1)C(=O)C1=CC=C(F)C=C1,0.0
807,CCC(=O)OCCOC1=CC=CC=C1,0.0
808,COC1=CC(=CC(OC)=C1O)[C@H]1[C@@H]2C(COC2=O)C(O[C@@H]2O[C@@H]3CO[C@@H](C)O[C@H]3[C@H](O)[C@H]2O)C2=CC3=C(OCO3)C=C12,0.0
809,COC(C)(C)CC(C)=O,1.0
810,Cl.CNCCC(OC1=CC=C(C=C1)C(F)(F)F)C1=CC=CC=C1,0.0
811,C[C@@H]1CC(=O)NN=C1C1=CC=C(NN=C(C#N)C#N)C=C1,0.0
812,OC[C@H]1O[C@@H](OC2=CC=CC3=C2C(=O)C2=C(C=C(C=C2O)C(O)=O)[C@@H]3[C@@H]2C3=C(C(O[C@@H]4O[C@H](CO)[C@@H](O)[C@H](O)[C@H]4O)=CC=C3)C(=O)C3=C2C=C(C=C3O)C(O)=O)[C@H](O)[C@@H](O)[C@@H]1O,0.0
813,COC(=O)C1=CC(Cl)=CC(Cl)=C1,0.0
814,[Sr++].[O-]C([O-])=O,0.0
815,Cl.ClC1=CC2=C(SC3=C(C=CC=C3)N2CCCN2CCC3(CC2)NC(=O)CS3)C=C1,0.0
816,NC(=O)OCC=C,0.0
817,CC(C)(OC1=CC=C(CCNC(=O)C2=CC=C(Cl)C=C2)C=C1)C(O)=O,0.0
818,OC1=CC(O)=C(C=C1)C(=O)C1=CC=C(O)C=C1O,0.0
819,CC1=C(CNC2=NC=NC3=C2N=CN3[C@@H]2O[C@H](CO)[C@@H](O)[C@H]2O)C=CC=C1,0.0
820,[O-][N+](=O)C1=CC=C(F)C(=C1)[N+]([O-])=O,0.0
821,C[C@@H]1C[C@H]2[C@@H]3CCC4=CC(=O)C=C[C@]4(C)[C@@]3(F)[C@@H](O)C[C@]2(C)[C@@]1(O)C(=O)CO,0.0
822,Cl.COC1=CC(C)=C(OC)C=C1C[C@H](C)N,0.0
823,C[C@]12CC[C@H]3[C@@H](CCC4=CCCC[C@H]34)[C@@H]1CC[C@]2(O)C#C,1.0
824,OC1=C2C=CC3=CC=CC4=CC=C(C=C1)C2=C34,1.0
825,CC1=CC(Cl)=C(N)C(C)=C1,0.0
826,[Ca++].[O-][N+]([O-])=O.[O-][N+]([O-])=O,0.0
827,[Na+].[Na+].[O-]C(=O)C1=C(C=CC=C1)C(C1=CC(I)=C([O-])C(I)=C1)=C1C=C(I)C(=O)C(I)=C1,0.0
828,OC1=C(F)C=CC=C1,0.0
829,COC1=CC(NC(=O)CC(C)=O)=C(OC)C=C1Cl,1.0
830,ClCC#N,0.0
831,OC1=C(CC2=C(O)C=CC=C2)C=CC=C1,1.0
832,CCCCCCCCCCC(CO)CCCCCCCC,0.0
833,CCCC(CCC)(C(=O)OCC)C(=O)OCC,0.0
834,ClC1=NN=C(Cl)C2=CC=CC=C12,0.0
835,CC1=CC(=O)NC(=O)N1,1.0
836,CC1=CC=C(C(=C1)[N+]([O-])=O)[N+]([O-])=O,0.0
837,CC(C)OC1=CC(NC(=O)C2=C(C=CC=C2)C(F)(F)F)=CC=C1,1.0
838,CC1CC(=O)CC(C)(C)C1,0.0
839,Cl.ClCC1=CC=CN=C1,0.0
840,C(SCC1=CC=CC=C1)C1=CC=CC=C1,0.0
841,Cl.Cl.FC1=CC=C(C=C1)C(OCCN1CCN(CCCC2=CC=CC=C2)CC1)C1=CC=C(F)C=C1,0.0
842,C[C@]12CC[C@H]3[C@@H](CCC4=CC(=O)CC[C@]34C)[C@@H]1CC[C@]2(O)C(=O)CO,0.0
843,C1=CC=C(C=C1)C1=CC=CC=C1,0.0
844,[Cu+].[C-]#N,0.0
845,CC(=O)[C@@]1(O)CC[C@H]2[C@@H]3CCC4=CC(=O)CC[C@]4(C)[C@H]3CC[C@]12C,1.0
846,O.OC(=O)CCC(O)=O.CN[C@@H]1CCC2=C(C1)C1=C(N2)C=CC(=C1)C(N)=O,0.0
847,C(OCC1CCC(COCC2CO2)CC1)C1CO1,0.0
848,CCCCCCC,0.0
849,OCCNCCO,0.0
850,CN1N=C(CCC1=O)C(N)=O,0.0
851,COC1=CC=C(C(=O)CCC(O)=O)C2=C1C=CC=C2,0.0
852,OCCN(CCO)CCO.OC(=O)C1=C(O)C=CC=C1,0.0
853,CNC(=O)C1=C(I)C(N(C)C(C)=O)=C(I)C(C(=O)NCC(=O)NC2=C(I)C(C(=O)NCCO)=C(I)C(C(O)=O)=C2I)=C1I,0.0
854,CCOC(=O)COC(=O)C1=CC=CC=C1C(=O)OCC,1.0
855,Cl.CN(C)\C=N\C1=CC=C(Cl)C=C1C,0.0
856,NC(=O)NNC(N)=O,0.0
857,C[C@H](O)CN(C)C,0.0
858,CCCOCCOCCO,0.0
859,CCOP(=O)(OCC)OC1=CC=C(C=C1)[N+]([O-])=O,1.0
860,CC12CCC(CC1)C(C)(C)O2,0.0
861,CC(=O)NC[C@H]1CN(C(=O)O1)C1=CC(F)=C(C=C1)N1CCOCC1,0.0
862,O=C(C1=CC=CC=C1)C1=CC=CC=C1,1.0
863,CO[C@]12[C@H]3N[C@H]3CN1C1=C([C@H]2COC(N)=O)C(=O)C(N)=C(C)C1=O,0.0
864,CC\C(=C(\CC)C1=CC=C(O)C=C1)C1=CC=C(O)C=C1,1.0
865,COC(=O)C[C@](O)(CCCC(C)(C)O)C(=O)O[C@H]1[C@H]2C3=C(CCN4CCCC24C=C1OC)C=C1OCOC1=C3,0.0
866,CC1=CC=CC=C1\N=N\C1=CC=C(\N=N\C2=C(O)C=CC3=C2C=CC=C3)C(C)=C1,0.0
867,CC(=O)N(CC(O)CO)C1=C(I)C(C(=O)NCC(O)CO)=C(I)C(C(=O)NCC(O)CO)=C1I,0.0
868,CC(=O)O[Sn](C1=CC=CC=C1)(C1=CC=CC=C1)C1=CC=CC=C1,0.0
869,NC1=CC=C2C(=O)C3=C(C=CC=C3)C(=O)C2=C1,1.0
870,[Na+].[Br-],0.0
871,[Na+].OC[C@H](O)[C@H]1OC(=O)C(O)=C1[O-],0.0
872,CCCCOC(=O)C(C)O,0.0
873,[Na+].[S-]C1=NC2=CC=CC=C2S1,1.0
874,OB(O)O,1.0
875,F[P-](F)(F)(F)(F)F.CCCC[N+]1(C)CCCC1,0.0
876,CC(C)(N)C1CCC(C)(N)CC1,0.0
877,CCCCCCCCCCCC(Cl)=O,0.0
878,CC(C)C1=C(C=C2C(CC[C@H]3[C@@](C)(CCC[C@]23C)C(O)=O)=C1)S(O)(=O)=O,0.0
879,ClC1=C(Cl)C=C(C=C1)N=C=O,0.0
880,NC1=CC=C(C(N)=C1)[N+]([O-])=O,0.0
881,CC1=CP(=O)(CC1)C1=CC=CC=C1,1.0
882,O.O.[Na+].[Na+].[O-][Cr](=O)(=O)O[Cr]([O-])(=O)=O,0.0
883,CCOC(=O)CC(C(C)=O)C(C)=O,0.0
884,[Na+].[Na+].CCN(CC1=CC(=CC=C1)S([O-])(=O)=O)C1=CC=C(C=C1)C(=C1C=CC(C=C1)=[N+](CC)CC1=CC(=CC=C1)S([O-])(=O)=O)C1=C(C=C(O)C=C1)S([O-])(=O)=O,0.0
885,Cl.CCN(CC)CCCN(C1CC2=CC=CC=C2C1)C1=CC=CC=C1,0.0
886,O=C1CCCCCCCCCCCN1,1.0
887,CCCCCCCOC(C)=O,1.0
888,CC1=C(Cl)C(=O)OC2=C1C=CC(O)=C2,1.0
889,CC1(C)CCC(C)(C)C2=C1C=CC(=C2)C(=O)NC1=CC=C(C=C1)C(O)=O,0.0
890,[Na+].C[C@H]1C[C@H]2[C@@H]3CC[C@](O)(C(=O)COC(=O)CCC([O-])=O)[C@@]3(C)C[C@H](O)[C@@H]2[C@@]2(C)C=CC(=O)C=C12,0.0
891,[Cr+3].[O-]C(=O)C1=NC=CC=C1.[O-]C(=O)C1=NC=CC=C1.[O-]C(=O)C1=NC=CC=C1,0.0
892,CC=CC(=O)C1=C(C)C=CCC1(C)C,1.0
893,Cl.COC1=C2N(C=C(C(O)=O)C(=O)C2=CC(F)=C1N1C[C@@H]2CCCN[C@@H]2C1)C1CC1,0.0
894,OC(=O)CC1=C2C=CC=CC2=CC=C1,0.0
895,[Na+].OC[C@@H](O)[C@@H](O)[C@H](O)[C@@H](O)C([O-])=O,0.0
896,OC1CCN(CCCN2C3=CC=CC=C3SC3=CC=C(C=C23)C#N)CC1,0.0
897,CCCCN(CCCC)SN(C)C(=O)OC1=C2OC(C)(C)CC2=CC=C1,1.0
898,N[C@@H](CC1=CNC2=C1C=C(O)C=C2)C(O)=O,0.0
899,Cl.CC(CN1C2=C(SC3=C1N=CC=C3)C=CC=C2)N(C)C,0.0
900,ClC12C(=O)C3(Cl)C4(Cl)C1(Cl)C1(Cl)C2(Cl)C3(Cl)C4(Cl)C1(Cl)Cl,1.0
901,CN(C(=O)C(Cl)Cl)C1=CC=C(OC(=O)C2=CC=CO2)C=C1,0.0
902,[Na+].[N-]=[N+]=[N-],1.0
903,CC(C)(C#N)C1=CC(=CC(CN2C=NC=N2)=C1)C(C)(C)C#N,1.0
904,Cl.CC(C)(C(O)=O)C1=CC=C(C=C1)C(O)CCCN1CCC(CC1)C(O)(C1=CC=CC=C1)C1=CC=CC=C1,0.0
905,CC1=CC=C(NC2=C3C(=O)C4=C(C=CC=C4)C(=O)C3=C(O)C=C2)C=C1,1.0
906,ClC(=O)C1=CC(=CC=C1)C(Cl)=O,0.0
907,C1=CC=C(N=C1)C1=CC=CC=N1,0.0
908,CO[Si](OC)(OC)C1=CC=CC=C1,0.0
909,CCCN(CCC)S(=O)(=O)C1=CC=C(C=C1)C(O)=O,1.0
910,[Cl-].C[N+](C)=CCl,0.0
911,NC1=CC=C(OC2=CC=C(Cl)C=C2)C=C1,0.0
912,NC1=NC(NC2CC2)=C2N=CN([C@H]3C[C@H](CO)C=C3)C2=N1,0.0
913,C(COC1=CC=CC=C1)OC1=CC=CC=C1,1.0
914,CCCC(C)(COC(N)=O)COC(=O)NC(C)C,0.0
915,Cl.CNC,0.0
916,OC1CCCCC1C1=CC=CC=C1,0.0
917,CCOP(=S)(OC1=CC=C(C=C1)[N+]([O-])=O)C1=CC=CC=C1,1.0
918,ClC1=CC2=C(OC3=C(O2)C=C(Cl)C(Cl)=C3)C=C1Cl,0.0
919,CCOC(=O)OC1=C(C(=O)N[C@@]11CC[C@@H](CC1)OC)C1=C(C)C=CC(C)=C1,0.0
920,CCOP(=S)(OCC)OC1=CC(C)=NC(=N1)N(CC)CC,0.0
921,CC(C)CC(C)N(C1=CC=CC=C1)C1=CC=C(N)C=C1,1.0
922,CC(C)(CCl)C(Cl)=O,0.0
923,CCC1=CC=C(C=C1)C(=O)NN(C(=O)C1=CC(C)=CC(C)=C1)C(C)(C)C,1.0
924,OC1=CC2=C(SC(=O)O2)C=C1,0.0
925,OC(=O)CN1C=NN=N1,0.0
926,NCCC(O)(P(O)(O)=O)P(O)(O)=O,0.0
927,CC1=NN=C(C(=O)N1N)C1=CC=CC=C1,0.0
928,CCCC1=CC(OC)=C(O)C=C1,0.0
929,CCOC(=O)C=CC(O)=O,0.0
930,[Cl-].CCCC[N+]1(C)CCCC1,0.0
931,COC1=CC=CC(OC)=C1O,1.0
932,CCCCCCCCCCCCCC(=O)OCC(O)CO,0.0
933,C1CCCCC1,0.0
934,COC(=O)[C@H]1[C@@H](O)CC[C@H]2CN3CCC4=C(NC5=C4C=CC=C5)[C@@H]3C[C@H]12,0.0
935,CC1=CC(NC2=C(C=CC=C2)C(O)=O)=CC=C1Cl,0.0
936,O=C1CCCCCCCCCCOCCCCO1,1.0
937,NC1=NC(N)=C(S1)C1=CC=CC=C1,0.0
938,CC1=NN=C(SCC2=C(N3[C@H](SC2)[C@H](NC(=O)CN2C=NN=N2)C3=O)C(O)=O)S1,0.0
939,CCC(C)CO,0.0
940,CC1=C(Br)C=CC=C1,0.0
941,CCCCCCOC1=CC=CC=C1C(N)=O,0.0
942,C[C@]12CC[C@H]3[C@@H](CCC4=C3C=CC(OC(=O)N(CCCl)CCCl)=C4)[C@@H]1CC[C@@H]2O,0.0
943,OS(O)(=O)=O.OC(CNCCCCCCNCC(O)C1=CC=C(O)C(O)=C1)C1=CC=C(O)C(O)=C1,0.0
944,CCN1C=C(C(O)=O)C(=O)C2=CC3=C(OCO3)C=C12,0.0
945,OC[C@H]1O[C@H](C[C@@H]1O)N1C=C(I)C(=O)NC1=O,0.0
946,CCC[N+]1=C(C)N(C)C=C1.FC(F)(F)S(=O)(=O)[N-]S(=O)(=O)C(F)(F)F,0.0
947,CCC[C@H](C)C1(CC=C)C(=O)NC(=O)NC1=O,0.0
948,CC1=C(C=NO1)C(=O)NC1=CC=C(C=C1)C(F)(F)F,0.0
949,CC(C)CCCC(C)N,0.0
950,CN(C)CCOCCO,0.0
951,OC(=O)\C=C/C(O)=O.COC1=CC=C(CN(CCN(C)C)C2=NC=CC=C2)C=C1,0.0
952,CC(C)NC(C)C,0.0
953,CC(=O)O[C@@]1(CC[C@H]2[C@@H]3C=C(Cl)C4=CC(=O)[C@@H]5C[C@@H]5[C@]4(C)[C@H]3CC[C@]12C)C(C)=O,1.0
954,CO[C@H]1\C=C\O[C@@]2(C)OC3=C(C2=O)C2=C(C(O)=C3C)C(=O)C(NC(=O)\C(C)=C/C=C/[C@H](C)[C@H](O)[C@@H](C)[C@@H](O)[C@@H](C)[C@H](OC(C)=O)[C@@H]1C)=C1NC3(CCN(CC(C)C)CC3)N=C21,0.0
955,CC1=CC=C(C=C1)C(O)=O,0.0
956,OCCOCC#CCOCCO,0.0
957,COC(=O)CSC1=C(Cl)C=C(F)C(=C1)\N=C1/SC(=O)N2CCCCN12,1.0
958,[Na+].[Na+].NC1=C2C=CC=CC2=C(C=C1\N=N\C1=CC=C(C=C1)C1=CC=C(C=C1)\N=N\C1=C(N)C2=CC=CC=C2C(=C1)S([O-])(=O)=O)S([O-])(=O)=O,0.0
959,[Br-].C[N+]1(C)CCC(C1)OC(=O)C(O)(C1CCCC1)C1=CC=CC=C1,0.0
960,CC(C)\N=C1\C=C2N(C3=CC=C(Cl)C=C3)C3=CC=CC=C3N=C2C=C1NC1=CC=C(Cl)C=C1,0.0
961,CC(=C)C(=O)OCCOCCOCCOCCOC(=O)C(C)=C,1.0
962,C[C@H]1CN(C[C@@H](C)N1)C1=C(F)C2=C(C(F)=C1F)C(=O)C(=CN2C1CC1)C(O)=O,0.0
963,CC1=C(C)C(=C(C(=C1C)[N+]([O-])=O)C(C)(C)C)[N+]([O-])=O,1.0
964,CCCCC(CC)COC(=O)\C=C/C(=O)OCC(CC)CCCC,1.0
965,COC(=O)C1=C(OC)C=C(NC(C)=O)C(Cl)=C1,0.0
966,C[N+]([O-])(CCCl)CCCl,0.0
967,CCOC(=O)[C@H](CCC1=CC=CC=C1)N[C@H]1CCCN2CCC[C@H](N2C1=O)C(O)=O,0.0
968,OC1=CC(Cl)=C(C=C1)C1=CC=CC=C1,0.0
969,ClC1=CC=C(C=C1)C(Cl)(Cl)Cl,0.0
970,CC(CCC1=CC=C(O)C=C1)NCCC1=CC(O)=C(O)C=C1,0.0
971,CCOC(=O)C1=CC=C(N)C=C1,0.0
972,CCCCC(CC)COC(=O)C1=CC=CC=C1C(O)=O,1.0
973,CC(C)CN1C=NC2=C1C(=O)N(C)C(=O)N2C,0.0
974,Cl.FC1=CC=C(C=C1)C(=O)C1CCN(CCN2C(=S)NC3=CC=CC=C3C2=O)CC1,0.0
975,[Cl-].C[N+](C)(CC=C)CC=C,0.0
976,CCCCCCCCCCCCCCCCBr,0.0
977,COC1=CC2=C(CCN[C@]22CS[C@H]3[C@H]4[C@@H]5N(C)[C@@H](CC6=C5C(O)=C(OC)C(C)=C6)[C@H](O)N4[C@@H](COC2=O)C2=C3C(OC(C)=O)=C(C)C3=C2OCO3)C=C1O,0.0
978,ONC(=O)CS(=O)C(C1=CC=CC=C1)C1=CC=CC=C1,0.0
979,CC(C)Br,0.0
980,O.O.Cl.COC1=CC=C2N=CC=C([C@@H](O)[C@@H]3C[C@@H]4CC[N@]3C[C@@H]4C=C)C2=C1,0.0
981,NC1=NN=C(N)N1,0.0
982,CCCCOP(=O)(CCCC)OCCCC,1.0
983,CCOC(=O)CC(O)(CC(=O)OCC)C(=O)OCC,1.0
984,C1=CC2=C3C(C=CC4=CC=CC(C=C2)=C34)=C1,1.0
985,CC(C)(C)C1=NN=C(NS(=O)(=O)C2=CC=C(N)C=C2)S1,0.0
986,COC1CCC=CO1,0.0
987,COC1=CC=CC(N)=C1,0.0
988,CC(=C)C(=O)OCC(O)COC1=CC=C(C=C1)C(C)(C)C1=CC=C(OCC(O)COC(=O)C(C)=C)C=C1,1.0
989,CCOC(=O)C(Cl)C(C)=O,0.0
990,CCCCOC(=O)\C=C/C(=O)OCCCC,0.0
991,O=C1OC2=C(C=CC=C2)C=C1,0.0
992,CCCCCOC(=O)C1=CC=C(O)C=C1,0.0
993,CC(C)OC(=O)C(C(=O)OC(C)C)=C1SC=CS1,0.0
994,OCCN1CCN(CCO)CC1,0.0
995,O=C(OCC(COC(=O)C1=CC=CC=C1)(COC(=O)C1=CC=CC=C1)COC(=O)C1=CC=CC=C1)C1=CC=CC=C1,0.0
996,O=C(C(=O)C1=CC=CO1)C1=CC=CO1,0.0
997,BrCC=C,0.0
998,CC[C@H]1NC(=O)[C@@H](NC(=O)C2=NC=CC=C2O)C(C)OC(=O)[C@@H](NC(=O)C2CC(=O)CCN2C(=O)[C@H](CC2=CC=CC=C2)N(C)C(=O)[C@@H]2CCCN2C1=O)C1=CC=CC=C1,0.0
999,NC1=C(N)C=CC=C1,0.0
1000,CCC(C)CCCC(C)(C)O,0.0
1001,CC(=O)O[C@H]1CC[C@H]2[C@@H]3CCC4=CC(=O)CCC4=C3C=C[C@]12C,0.0
1002,CC\C=C/CCCCCO,1.0
1003,ClCCOCCCl,1.0
1004,O=C1NC2=C(C=CC=C2)C1=O,0.0
1005,COC1=CC=C(C=C1)N1N=C(C=C1C1=CC=C(C=C1)S(C)=O)C(F)F,1.0
1006,CC(=O)OCC(=O)[C@@]1(O)C(=C)CC2C3CCC4=CC(=O)C=C[C@]4(C)[C@@]3(F)[C@@H](O)C[C@]12C,0.0
1007,NNC(=O)C1=CC=NC=C1,0.0
1008,CC(C)N1C(=O)C2=C(C=CC=C2)C1=O,1.0
1009,Cl.CN1C2=C(C3=CC=CC=C13)C(=O)N(CC1=C(C)N=CN1)CC2,0.0
1010,Cl.CCC1=NN(CCCN2CCN(CC2)C2=CC(Cl)=CC=C2)C(=O)N1CCOC1=CC=CC=C1,0.0
1011,C(CC1=CC=CC=C1)CC1=CC=CC=N1,1.0
1012,CCCCCCCCOC(=O)C1=C(C=CC=C1)C(=O)OCCCCCCCC,1.0
1013,Br.C[N+]1([O-])[C@H]2C[C@@H](C[C@@H]1[C@H]1O[C@@H]21)OC(=O)[C@H](CO)C1=CC=CC=C1,0.0
1014,COC1=CC2=C(NC(=N2)S(=O)CC2=C(C)C(OC)=C(C)C=N2)C=C1,0.0
1015,C(=C/C1=CC=CC=C1)\C1=CC=CC=C1,0.0
1016,OS(O)(=O)=O.CC[C@]1(O)C[C@H]2C[N@@](C1)CCC1=C(NC3=C1C=CC=C3)[C@@](C2)(C(=O)OC)C1=CC2=C(C=C1OC)N(C)[C@@H]1[C@]22CCN3CC=C[C@](CC)([C@@H]23)[C@@H](O)[C@]1(O)C(N)=O,0.0
1017,CCOC(=O)C1=C(C)NC(C)=C(C1C1=CC=CC(=C1)[N+]([O-])=O)C(=O)OC,0.0
1018,ClC1=CC(Cl)=C(C=C1Cl)C1=C(Cl)C(Cl)=CC(Cl)=C1Cl,1.0
1019,CO[C@]1(NC(=O)CC2=CC=CS2)[C@H]2SCC(COC(N)=O)=C(N2C1=O)C(O)=O,0.0
1020,CCCCC(CC)COCC1CO1,1.0
1021,O=C=NCCCCCCN=C=O,0.0
1022,NC1=NC(N)=C2N=C(C(N)=NC2=N1)C1=CC=CC=C1,0.0
1023,OC(=O)CC(O)(CC(O)=O)C(O)=O.CC\C(=C(/C1=CC=CC=C1)C1=CC=C(OCCN(C)C)C=C1)C1=CC=CC=C1,1.0
1024,NNC1=NN=C(CC2=CC=NC=C2)C2=CC=CC=C12,0.0
1025,O[C@H]([C@H](CC1=CC=CC=C1)NC(=O)C1=CC2=CC(Cl)=CC=C2N1)C(=O)N1C[C@H](O)[C@H](O)C1,1.0
1026,COCCO,1.0
1027,CCC(=O)NC1=CC=C(Cl)C(Cl)=C1,1.0
1028,OC(=O)\C=C\C(O)=O.C(CC1=CC2=C(OCO2)C=C1)N1CCC[C@@H](C1)OC(C1=CC=CC=C1)C1=CC=CC=C1,0.0
1029,CC(C)OS(C)(=O)=O,0.0
1030,C[C@]12CC[C@H]3[C@@H](CCC4=CC(O)=CC=C34)[C@@H]1CC[C@@H]2OP(O)(O)=O,0.0
1031,O=C(OCCCCCCOC(=O)C1=CC=CC=C1)C1=CC=CC=C1,0.0
1032,OC1=C(I)C=C(I)C=C1I,1.0
1033,CC(C)(OC1=CC=C(C=C1)C1CC1(Cl)Cl)C(O)=O,1.0
1034,CC1=CC=C(CO)C=C1,0.0
1035,C[C@H]1C[C@H]2[C@@H]3CC[C@](O)(C(=O)CO)[C@@]3(C)C[C@H](O)[C@@H]2[C@@]2(C)C=CC(=O)C=C12,1.0
1036,CCNC1=NC(NCC)=NC(Cl)=N1,1.0
1037,C[C@]12CC[C@H]3[C@@H](CC[C@H]4C[C@@H]5S[C@@H]5C[C@]34C)[C@@H]1CC[C@@H]2O,0.0
1038,CO[C@H]1[C@@H](C[C@@H]2CN3CCC4=C(NC5=C4C=CC(OC)=C5)[C@H]3C[C@@H]2[C@@H]1C(=O)OC)OC(=O)C=CC1=CC(OC)=C(OC)C(OC)=C1,0.0
1039,CC1=C(C=C(C=C1)C(O)=O)[N+]([O-])=O,0.0
1040,[O-][N+](=O)C1=CC(I)=CC=C1,0.0
1041,Cl.CCN(CC)CCOC(=O)C(C1CCCCC1)C1=CC=CC=C1,0.0
1042,CC(CO)C1=CC=CC=C1,1.0
1043,OC1=C(C=C(Cl)C=C1)C(=O)NC1=CC=C(C=C1Cl)[N+]([O-])=O,1.0
1044,Cl.COC1=CC=C(OC)C(=C1)C(O)CNC(=O)CN,0.0
1045,CC(=O)\C=C\C1=CC=CC=C1,1.0
1046,OC1=C(N=C2C=CC=CC2=C1Br)C1C(=O)C2=C(C=CC=C2)C1=O,1.0
1047,COC(CC1=CC=CC=C1)OC,0.0
1048,NC(=S)NS(=O)(=O)C1=CC=C(N)C=C1,0.0
1049,CCC1COC(=O)O1,1.0
1050,CCOC1=CC=CC(N)=C1,0.0
1051,CCCCCCOC(=O)C(C)C,0.0
1052,C1CN(CCN1)C1=CC=CC=C1,0.0
1053,O.Br.NC1=NC(=CS1)C1=CC=CC=C1,0.0
1054,C\C=C\C=C\CO,0.0
1055,COC1=C(C)C2=C(C(=O)OC2)C(O)=C1C\C=C(/C)CCC(O)=O,0.0
1056,CCC1=C(C)CN(C(=O)NCCC2=CC=C(C=C2)S(=O)(=O)NC(=O)N[C@H]2CC[C@H](C)CC2)C1=O,0.0
1057,CC(C)(C)C1=CC(O)=C(O)C=C1,1.0
1058,CCOCCOCCOCCO,0.0
1059,NC1=C(C=C(SC#N)C=C1)[N+]([O-])=O,0.0
1060,COC1=CC=C(Br)C(C)=C1,0.0
1061,O=S1(=O)CCCO1,0.0
1062,S=C1NC2=CC=CC=C2N1,0.0
1063,[Cl-].CCCC[N+]1=CC=CC=C1C,0.0
1064,[Ca++].CC(C)(CO)[C@@H](O)C(=O)NCCCC([O-])=O.CC(C)(CO)[C@@H](O)C(=O)NCCCC([O-])=O,0.0
1065,CN(C)C1=NC(=O)N(C2CCCCC2)C(=O)N1C,1.0
1066,Cl.CN(C)CCCCl,0.0
1067,FC(F)(F)C1=CC=C(Cl)C=C1Cl,0.0
1068,COC1=CC2=C(C=C1)C(C(=O)C1=CC=C(Cl)C=C1)=C(C)N2CC(O)=O,0.0
1069,OC[C@H]1O[C@@H]2O[C@@H]3[C@@H](CO)O[C@H](O[C@@H]4[C@@H](CO)O[C@H](O[C@@H]5[C@@H](CO)O[C@H](O[C@@H]6[C@@H](CO)O[C@H](O[C@@H]7[C@@H](CO)O[C@H](O[C@@H]8[C@@H](CO)O[C@H](O[C@H]1[C@H](O)[C@H]2O)[C@H](O)[C@H]8O)[C@H](O)[C@H]7O)[C@H](O)[C@H]6O)[C@H](O)[C@H]5O)[C@H](O)[C@H]4O)[C@H](O)[C@H]3O,0.0
1070,ClC(Cl)(Br)Br,0.0
1071,CC(CNC(=O)C1=CC=CN=C1)NC(=O)C1=CC=CN=C1,0.0
1072,Cl.COC1=CC(CC(C)N)=CC2=C1OCO2,0.0
1073,OCC#C,0.0
1074,[Na+].[O-]C(=O)CF,0.0
1075,ClC1=CC=C(S1)S(=O)(=O)NC1=C(C=C(Cl)C=C1)C(=O)NC1=CC=C(C=C1)S(=O)(=O)N1CCOCC1,0.0
1076,Cl.CCN(CC)C(C)C(=O)C1=CC=CC=C1,0.0
1077,CCCCC(=O)C=CC,0.0
1078,Cl.OCC(O)COC(=O)C1=C(NC2=C3C=CC(Cl)=CC3=NC=C2)C=CC=C1,0.0
1079,Cl.COC(=O)[C@@H](N)CS,0.0
1080,COC1=CC=C(C=C1OC1CCCC1)[C@]1(CC[C@@H](CC1)C(O)=O)C#N,0.0
1081,CCO[Si](CCCNC(N)=O)(OCC)OCC,0.0
1082,CC(C)C1=CC=C(C=C1)C#N,0.0
1083,NC(=O)CI,0.0
1084,O[Al](O)[Al](O)O.O[Al](O)[Al](O)O.O[Al](O)[Al](O)O.O[Al](O)[Al](O)O.O[Al](O)OS(=O)(=O)OC[C@H]1O[C@@](COS(=O)(=O)O[Al](O)O)(O[C@H]2O[C@H](COS(=O)(=O)O[Al](O)O)[C@@H](OS(=O)(=O)O[Al](O)O)[C@H](OS(=O)(=O)O[Al](O)O)[C@H]2OS(=O)(=O)O[Al](O)O)[C@@H](OS(=O)(=O)O[Al](O)O)[C@@H]1OS(=O)(=O)O[Al](O)O,0.0
1085,O[C@@H]([C@@H](O)C(O)=O)C(O)=O.C[C@@H](CN(C)C)CN1C2=C(SC3=C1C=CC=C3)C=CC=C2.C[C@@H](CN(C)C)CN1C2=C(SC3=C1C=CC=C3)C=CC=C2,0.0
1086,[O-]S(=O)(=O)C(F)(F)F.CCCCCCCCCCCCN1C=C[N+](C)=C1,0.0
1087,C\C=C\C=C\C(O)=O,0.0
1088,CC(C)N(C(C)C)C(=O)SCC(Cl)=CCl,0.0
1089,O.Cl.COC1=C2N(C=C(C(O)=O)C(=O)C2=CC(F)=C1N1C[C@@H]2CCCN[C@@H]2C1)C1CC1,0.0
1090,CS(O)(=O)=O.CC1=CC=C2N3CCNC4CCCC(=C34)C2=C1,0.0
1091,CO\C=C(\C(=O)OC)C1=C(COC2=NC(=CC=C2)C(F)(F)F)C=CC=C1,1.0
1092,ClC(Cl)(Cl)C(NC=O)N1CCN(CC1)C(NC=O)C(Cl)(Cl)Cl,1.0
1093,[OH-].C[N+](C)(C)CC1=CC=CC=C1,0.0
1094,OC1=CC2=C(CCC2)C=C1,0.0
1095,CCN1CCC[C@H]1CNC(=O)C1=C(OC)C=CC(Br)=C1OC,0.0
1096,OC(C(=O)C1=CC=CC=C1)C1=CC=CC=C1,1.0
1097,CCCCC\C=C/C\C=C/CCCCCCCC(=O)OC,1.0
1098,CC(C)(O)C#C,0.0
1099,CC(CCO)CCC1=CC=CC=C1,1.0
1100,O.Cl.[Cl-].CO\N=C(/C(=O)N[C@H]1[C@H]2SCC(C[N+]3(C)CCCC3)=C(N2C1=O)C(O)=O)C1=CSC(N)=N1,0.0
1101,OC(=O)CCC(O)=O.CN1CCN(CC1)C1=NC2=C(OC3=C1C=C(Cl)C=C3)C=CC=C2,0.0
1102,NC1=CC=CC2=C1C=CC=C2,1.0
1103,CCOC=O,0.0
1104,CCN(CC(C)=C)C1=C(C=C(C=C1[N+]([O-])=O)C(F)(F)F)[N+]([O-])=O,1.0
1105,C[Si]1(C)O[Si](C)(C)O[Si](C)(C)O[Si](C)(C)O[Si](C)(C)O1,1.0
1106,CC(C)(OC1=CC=C(Cl)C=C1)C(O)=O,0.0
1107,CCCCOC(=O)CC#N,0.0
1108,CC1=CC2=C(NCCC2)C=C1,1.0
1109,CC[C@H]1OC(=O)[C@H](C)[C@@H](O[C@H]2C[C@@](C)(OC)[C@@H](O)[C@H](C)O2)[C@H](C)[C@@H](O[C@@H]2O[C@H](C)C[C@@H]([C@H]2O)N(C)C)[C@](C)(O)C[C@@H](C)C(=O)[C@H](C)[C@@H](O)[C@]1(C)O,0.0
1110,[O-][N+](=O)O[C@@H]1CO[C@@H]2[C@H](CO[C@H]12)O[N+]([O-])=O,0.0
1111,CC1=C2CCC3=C4C=CC5=CC=CC=C5C4=CC(C=C1)=C23,0.0
1112,CC(C)(C)C1=CC(O)=C(C=C1O)C(C)(C)C,1.0
1113,CC1=CC=CC(C)=C1NC(=O)CN1CCN(CCCC(C2=CC=C(F)C=C2)C2=CC=C(F)C=C2)CC1,0.0
1114,Cl.CCN(CC)CCO[C@H]1CC[C@]2(C)[C@H]3CC[C@@]4(C)[C@@H](CCC4=O)[C@@H]3CC=C2C1,0.0
1115,CCN(CC1=CC=C(Cl)N=C1)C(\NC)=C\[N+]([O-])=O,0.0
1116,C(N1CCN(CC1)C1=NC=CC=N1)C1=CC2=C(OCO2)C=C1,0.0
1117,CC1=CC=CC(C)=C1NC(=O)CC12CCCN1CCC2,0.0
1118,O=CN1CCOCC1,0.0
1119,CC(=O)OC1=CC=C2[C@H]3CC[C@]4(C)[C@@H](O)CC[C@H]4[C@@H]3CCC2=C1,0.0
1120,CN(C)C(C)=O,0.0
1121,CC(C)(C1=CC(Cl)=C(O)C(Cl)=C1)C1=CC(Cl)=C(O)C(Cl)=C1,1.0
1122,CCSC(C)CC1CC(O)=C(\C(CC)=N\OC\C=C\Cl)C(=O)C1,1.0
1123,CCN1C=C[N+](C)=C1.[O-]S(=O)(=O)C(F)(F)F,0.0
1124,O[C@H]([C@@H](O)C(O)=O)C(O)=O.CNC[C@H](O)C1=CC=C(O)C(O)=C1,0.0
1125,O=C1OC(=O)C2C3CC(C=C3)C12,0.0
1126,CC(=C)C(=O)OCCOC(=O)C(C)=C,0.0
1127,Cl.NC1CCN(CC1)C1=NC(Cl)=CC=C1,0.0
1128,CCC(C)O,0.0
1129,CC1=CC=C(C=C1)S(O)(=O)=O.NC1CCN(C1)C1=NC2=C(C=C1F)C(=O)C(=CN2C1=CC=C(F)C=C1F)C(O)=O,0.0
1130,CC1=C(CCN2CCC(CC2)=C(C2=CC=C(F)C=C2)C2=CC=C(F)C=C2)C(=O)N2C=CSC2=N1,0.0
1131,CC(C)CC1NC(=S)N(CC=C)C1=O,0.0
1132,CCCCCCCO,1.0
1133,CC(C)NC1=CC=C(NC2=CC=CC=C2)C=C1,1.0
1134,CC(C)(C)C1=CC(CCC(=O)OCC(COC(=O)CCC2=CC(=C(O)C(=C2)C(C)(C)C)C(C)(C)C)(COC(=O)CCC2=CC(=C(O)C(=C2)C(C)(C)C)C(C)(C)C)COC(=O)CCC2=CC(=C(O)C(=C2)C(C)(C)C)C(C)(C)C)=CC(=C1O)C(C)(C)C,0.0
1135,N(C1=CC=C(NC2=CC=C3C=CC=CC3=C2)C=C1)C1=CC=C2C=CC=CC2=C1,0.0
1136,O=C1CCN(N1)C1=CC=CC=C1,0.0
1137,C[N+](C)(C)CCCCCC[N+](C)(C)C,0.0
1138,Cl.CO\N=C(/C(=O)N[C@H]1[C@H]2SCC(CSC3=CN=NS3)=C(N2C1=O)C(O)=O)C1=CSC(N)=N1,0.0
1139,CSC1=CC=C(\C=C2\C(C)=C(CC(O)=O)C3=C2C=CC(F)=C3)C=C1,0.0
1140,OC1=CC=C(C=C1)C1=CC=C(O)C=C1,0.0
1141,OC(=O)CNC(=O)C1=CC=CC=C1I,0.0
1142,CC(C)=CCC\C(C)=C/CO,1.0
1143,CCOC(=O)C1=CN=CN1C(C)C1=CC=CC=C1,0.0
1144,NC1=NC(=O)N(C[C@@H](CO)OCP(O)(O)=O)C=C1,0.0
1145,CC(C)C1=CC2=CC=CN=C2C=C1,1.0
1146,OC1=CC=CC2=C1CCCC2=O,0.0
1147,NC1=C(Cl)C(Cl)=NC(C(O)=O)=C1Cl,1.0
1148,CC1=C(N2[C@H](SC1)[C@H](NC(=O)[C@H](N)C1=CC=CC=C1)C2=O)C(O)=O,0.0
1149,COC1=CC(=O)OC(\C=C\C2=CC=CC=C2)=C1,0.0
1150,O=C1CCC(=O)O1,0.0
1151,CCS(=O)(=O)CCN1C(C)=NC=C1[N+]([O-])=O,0.0
1152,FC(F)(F)C(F)(F)C(F)(F)C(F)(F)CCI,0.0
1153,CC(=O)OCC=C,0.0
1154,CCCCCCCCCCCCCCCCCCOC[C@H](COP([O-])(=O)OCC[N+](C)(C)C)OC,0.0
1155,[Cl-].CCCCCCCCCCN1C=C[N+](C)=C1,0.0
1156,CCCCCCC1=CC=C(N)C=C1,0.0
1157,[Na+].OC[C@@H](O)[C@@H](O)[C@H](O)[C@@H](O)[C@@H](O)C([O-])=O,0.0
1158,C[C@@H]1CCN([C@H](C1)C(O)=O)C(=O)[C@H](CCCNC(N)=N)NS(=O)(=O)C1=CC=CC2=C1NC[C@H](C)C2,0.0
1159,[K+].CC1=CC=CC=C1C(=O)N1CC\C(=N/OS([O-])(=O)=O)C2=C1C=C(Cl)C=C2,0.0
1160,Cl.COC1=CC(Br)=C(OC)C=C1C[C@H](C)N,0.0
1161,OC1OCCOC1O,0.0
1162,CCCCOCC1CO1,1.0
1163,CCCC[Sn](CCCC)(CCCC)O[Sn](CCCC)(CCCC)CCCC,0.0
1164,COC1=CC(OC)=C(Cl)C2=C1C(=O)[C@]1(O2)[C@H](C)CC(=O)C=C1OC,1.0
1165,NC1=CC=C(C=C1)C(=O)NC1=CC=CC=C1N,0.0
1166,CC1(C)OC(=O)NC2=C1C=C(Br)C=C2,0.0
1167,CCCCCCCCCCCC(C)=O,1.0
1168,[Na+].[Na+].[Na+].[Na+].[Na+].OP([O-])(=O)CN(CP([O-])([O-])=O)CP([O-])([O-])=O,0.0
1169,CC1=CC=C(C=C1C)[N+]([O-])=O,0.0
1170,OC(=O)CNC(=O)CNC(=O)CNC(=O)CSC(=O)C1=CC=CC=C1,0.0
1171,Cl.CCN1CCCC(C1)OC(=O)C(C1=CC=CC=C1)C1=CC=CC=C1,0.0
1172,OC(=O)\C=C/C(O)=O.COC[C@@H](N1CCN(C[C@H]1C)C1(C)CCN(CC1)C(=O)C1=C(C)N=CN=C1C)C1=CC=C(C=C1)C(F)(F)F,0.0
1173,FC1=CC=C(C=C1)C(N1CCNCC1)C1=CC=C(F)C=C1,0.0
1174,CS(=O)(=O)NC(=O)C1=CC(OC2=CC=C(C=C2Cl)C(F)(F)F)=CC=C1[N+]([O-])=O,1.0
1175,CCCCCCC#N,0.0
1176,OS(O)(=O)=O.OS(O)(=O)=O.OS(O)(=O)=O.CN[C@H]1[C@H](O)[C@@H](O)[C@H](CO)O[C@H]1O[C@H]1[C@H](O[C@H]2[C@H](O)[C@@H](O)[C@H](NC(N)=N)[C@@H](O)[C@@H]2NC(N)=N)O[C@@H](C)[C@]1(O)C=O.CN[C@H]1[C@H](O)[C@@H](O)[C@H](CO)O[C@H]1O[C@H]1[C@H](O[C@H]2[C@H](O)[C@@H](O)[C@H](NC(N)=N)[C@@H](O)[C@@H]2NC(N)=N)O[C@@H](C)[C@]1(O)C=O,0.0
1177,COC1=C(OC)C2=C(C=C1)[C@@H](OC2=O)[C@H]1N(C)CCC2=C1C=C1OCOC1=C2,0.0
1178,NC1=C2C(=O)C3=C(C=CC=C3)C(=O)C2=C(O)C=C1OC1=CC=CC=C1,1.0
1179,C[C@@H](CCC=C(C)C)C=C,0.0
1180,[Na+].CC[C@H](C)C(=O)O[C@H]1C[C@H](O)C=C2C=C[C@H](C)[C@H](CC[C@@H](O)C[C@@H](O)CC([O-])=O)[C@@H]12,0.0
1181,CNC(=O)CSP(=O)(OC)OC,0.0
1182,CCCCOC(=O)CC(CC(=O)OCCCC)(OC(C)=O)C(=O)OCCCC,1.0
1183,CNCC1=C(OC2=CC=C(Cl)C(Cl)=C2)C=CC(F)=C1,1.0
1184,CCNC(=O)NCC1=CC(Cl)=CC=C1,0.0
1185,CCOP(S)(=S)OCC,1.0
1186,CC(CC(C#N)(C1=CC=CC=C1)C1=CC=CC=C1)N(C)C,0.0
1187,CC(C)CCCC(C)NC(C)C,0.0
1188,Cl.Cl.CN[C@@H]1[C@H](O)[C@H](NC)[C@H]2O[C@]3(O)[C@@H](O[C@H](C)CC3=O)O[C@@H]2[C@H]1O,0.0
1189,CCBr,0.0
1190,CC1=CC(O)=C(Cl)C=C1C,0.0
1191,Cl.CC1=CC=C(C=C1)S(=O)(=O)N[C@@H](CCCCN)C(=O)CCl,0.0
1192,CN(C)CCC1=CC=C(O)C=C1,0.0
1193,COC1=NC(C)=NC(NC(=O)NS(=O)(=O)C2=C(CCC(F)(F)F)C=CC=C2)=N1,1.0
1194,ClC1=CC=C(C=C1)C(C1=CC=CC=C1Cl)C(Cl)(Cl)Cl,1.0
1195,ClC1=CC(Cl)=C(Cl)C(Cl)=C1,0.0
1196,O.O.OS(O)(=O)=O.COC1=CC=C2N=CC=C([C@@H](O)[C@@H]3C[C@@H]4CC[N@]3C[C@@H]4C=C)C2=C1.COC1=CC=C2N=CC=C([C@@H](O)[C@@H]3C[C@@H]4CC[N@]3C[C@@H]4C=C)C2=C1,0.0
1197,CSC1=CC=C(Cl)C=C1,0.0
1198,COP(=O)OC,0.0
1199,Cl[Bi]=O,0.0
1200,O=CC1=CC(OC2=CC=CC=C2)=CC=C1,0.0
1201,Cl.COC1=CC=C(N)C(OC)=C1,0.0
1202,CCCCCCCCCOC(=O)C1=CC=C(O)C=C1,0.0
1203,CN(C)C(C)(C)CO,0.0
1204,Cl.O[C@@H](CNCCOC1=CC=C(CC(O)=O)C=C1)C1=CC=CC=C1,0.0
1205,[Br-].CCCCCCCCOC1=CC=CC=C1C(=O)NC1=CC=C(C=C1)C(=O)OCC[N+](C)(CC)CC,0.0
1206,CN1C2=C(N(CCO)C=N2)C(=O)N(C)C1=O,0.0
1207,COC1=C2OCOC2=CC(CC=C)=C1,0.0
1208,CCCCCCC(=O)O[C@]1(CC[C@H]2[C@@H]3CCC4=CC(=O)CC[C@@H]4[C@H]3CC[C@]12C)C#C,0.0
1209,OCCCCl,0.0
1210,CC1=CC2=C(N=C1)C(C(O)=O)=C(Cl)C=C2,0.0
1211,[Na+].[Na+].CC1=CC=C(C=C1)S(=O)(=O)OC1=CC=C(C=C1)N=NC1=C(C)C=C(C=C1)C1=CC=C(N=NC2=C(O)C=CC3=CC(=CC(=C23)S([O-])(=O)=O)S([O-])(=O)=O)C(C)=C1,1.0
1212,Cl.COC1=C2C(=O)C3=C(C(O)=C4C[C@](O)(C[C@H](O[C@H]5C[C@H](N)[C@H](O)[C@H](C)O5)C4=C3O)C(=O)CO)C(=O)C2=CC=C1,0.0
1213,CC1(C)O[C@H]2[C@@H]3OC(C)(C)OC[C@@H]3O[C@]2(O1)C(O)=O,0.0
1214,Cl.Cl.NCCNC1=C2C=CC=CC2=CC=C1,0.0
1215,CN1C(=O)C[C@H](NC1=O)C(=O)N[C@@H](CC1=CNC=N1)C(=O)N1CCC[C@H]1C(N)=O,0.0
1216,COC1=CC(N)=C(OC)C=C1Cl,1.0
1217,ClP(Cl)C1=CC=CC=C1,0.0
1218,CCN1C=CN=C1CC1COC2=CC=CC=C2O1,0.0
1219,NC(CCC(O)=O)C=C,0.0
1220,OC(=O)CC1=CC=CC=C1OC1=CC=C(Cl)C=C1Cl,0.0
1221,CC1(C)O[C@@H]2C[C@H]3[C@@H]4C[C@H](F)C5=CC(=O)CC[C@]5(C)[C@H]4[C@@H](O)C[C@]3(C)[C@@]2(O1)C(=O)CO,1.0
1222,ClC1=C(Cl)C(=O)C(C#C)=C(C#C)C1=O,1.0
1223,CN([C@H]1CC[C@@]2(CCCO2)C[C@@H]1N1CCCC1)C(=O)CC1=CC=CC2=C1C=CO2,1.0
1224,Cl.COC(=O)C1=C(C)NC(C)=C([C@H]1C1=CC(=CC=C1)[N+]([O-])=O)C(=O)O[C@H]1CCN(CC2=CC=CC=C2)C1,0.0
1225,Cl.ClCC1=NC=CC=C1,0.0
1226,CN1C=C2C[C@@H]3[C@H](C[C@@H](CNC(=O)OCC4=CC=CC=C4)CN3C)C3=C2C1=CC=C3,0.0
1227,[NH4+].[O-]C(=O)C(F)(F)C(F)(F)C(F)(F)C(F)(F)C(F)(F)C(F)(F)C(F)(F)F,1.0
1228,CCN(CC)CCNC(=O)C1=CC(Cl)=C(N)C=C1OC,0.0
1229,CCNC1=NC(N)=NC(Cl)=N1,0.0
1230,CCC(=O)C1=CC=C(O)C=C1,0.0
1231,ClC1=CC=C(C=C1Cl)C(Cl)(Cl)Cl,0.0
1232,ClC1=CC=C(CC2C(=O)N=C3SCCN3C2=O)C=C1,0.0
1233,CC(O)C(C)O,0.0
1234,CC1=C(O)C(CN)=C(COP(O)(O)=O)C=N1,0.0
1235,OCNC(=O)N(CO)C1N(CO)C(=O)N(CO)C1=O,0.0
1236,CCOC1=C(O)C=CC(C=O)=C1,0.0
1237,FC(F)(F)C1=CC(NC2=NC=CC=C2C(=O)OCCN2CCOCC2)=CC=C1,0.0
1238,FC1=CC=C(C=C1)C(=O)CCCN1CCN2CCCC2C1,0.0
1239,C[C@]12C[C@H](O)[C@H]3[C@@H](CCC4=CC(=O)CC[C@]34C)[C@@H]1CC[C@]2(O)C(=O)CO,0.0
1240,OC(=O)CC1=CC(I)=C(OC2=CC(I)=C(O)C=C2)C(I)=C1,1.0
1241,[Br-].CC(=O)O[C@H]1[C@H](C[C@H]2[C@@H]3CC[C@H]4C[C@H](O)[C@H](C[C@]4(C)[C@H]3CC[C@]12C)N1CCOCC1)[N+]1(CC=C)CCCC1,0.0
1242,ClC1=CC=C2N(CC3CC3)C(=O)CN=C(C3=CC=CC=C3)C2=C1,0.0
1243,OC[C@H](O)[C@@H](O)[C@H](O)CO,0.0
1244,CCCCN(CCCCO)N=O,1.0
1245,CCCCC(C)(O)C\C=C\[C@H]1[C@H](O)CC(=O)[C@@H]1CCCCCCC(=O)OC,0.0
1246,CCN(CC)CCNC(C(=O)OCCC(C)C)C1=CC=CC=C1,0.0
1247,O.OS(O)(=O)=O.CN1[C@H]2CC[C@@H]1C[C@@H](C2)OC(=O)C(CO)C1=CC=CC=C1.CN1[C@H]2CC[C@@H]1C[C@@H](C2)OC(=O)C(CO)C1=CC=CC=C1,0.0
1248,[S-]C#N.CCCCN1C=C[N+](C)=C1,0.0
1249,Cl.CN(C)CCC=C1C2=C(CCC3=C1C=CC=C3)C=CC=C2,1.0
1250,[Na+].CCCCCCCCS([O-])(=O)=O,0.0
1251,OC(=O)\C=C\C(O)=O.CN1CCC[C@@H]1CCO[C@](C)(C1=CC=CC=C1)C1=CC=C(Cl)C=C1,0.0
1252,O=C(NCN1CCOCC1)C1=CN=CC=N1,0.0
1253,NC1=NC(=O)C2=C(N1)N=CC(CNC1=CC=C(C=C1)C(=O)N[C@@H](CCC(O)=O)C(O)=O)=N2,0.0
1254,C=CCCC=C,0.0
1255,Cl.CCC(=O)C1=CC2=C(SC3=C(C=CC=C3)N2CCCN(C)C)C=C1,0.0
1256,CC1(C)CON(CC2=C(Cl)C=CC=C2)C1=O,1.0
1257,CC(C)=CCCC(C)=CC=NO,0.0
1258,CC[C@H](NC(C)C)[C@H](O)C1=CC=C(O)C2=C1C=CC(=O)N2,0.0
1259,CN(C)CCN1CCN(C1=O)C1=CC(Cl)=CC=C1,0.0
1260,CC(C)C1=CC=C(C)CC1,1.0
1261,F[P-](F)(F)(F)(F)F.CCCC[N+]1=CC=CC=C1C,0.0
1262,CC[N+]1(C)CCCC1.FC(F)(F)S(=O)(=O)[N-]S(=O)(=O)C(F)(F)F,0.0
1263,CN1CC(C2=CC=CC=C2)C2=CC=CC(N)=C2C1,1.0
1264,[Na+].CC1(C)O[C@H]2[C@@H]3OC(C)(C)OC[C@@H]3O[C@]2(O1)C([O-])=O,0.0
1265,OC1=CC=CC(=C1)[N+]([O-])=O,0.0
1266,OS(O)(=O)=O.NC[C@@H]1O[C@H](O[C@@H]2[C@@H](CO)O[C@@H](O[C@@H]3[C@@H](O)[C@H](N)C[C@H](N)[C@H]3O[C@H]3O[C@H](CO)[C@@H](O)[C@H](O)[C@H]3N)[C@@H]2O)[C@H](N)[C@@H](O)[C@@H]1O,0.0
1267,CC(=O)C1=CC=C(C=C1)C(C)=O,0.0
1268,Cl.CN(C)CCC=C1C2=C(C=CC=C2)C(C)(C)C2=C1C=CC=C2,0.0
1269,C1=CC2=C3C(=C1)C1=C4C(C=CC5=C4C3=C(C=C2)C=C5)=CC=C1,0.0
1270,F[P-](F)(F)(F)(F)F.CCCCN1C=C[N+](C)=C1C,0.0
1271,CCCCCCCCSCC1=CC(CSCCCCCCCC)=C(O)C(C)=C1,1.0
1272,OC(=O)CC(Cl)C(O)=O,0.0
1273,[Na+].CCCC(=O)NC1=C(I)C(CC(CC)C([O-])=O)=C(I)C=C1I,0.0
1274,Cl[Fe-](Cl)(Cl)Cl.CCCCN1C=C[N+](C)=C1,0.0
1275,CCOC1=CC(OCC)=C(C=C1OCC)C(C)=O,0.0
1276,NC1=NC2=CC=CC=C2N1,0.0
1277,[Na+].CCN1CCN(C(=O)N[C@@H](C(=O)N[C@H]2[C@H]3SC(C)(C)[C@H](N3C2=O)C([O-])=O)C2=CC=CC=C2)C(=O)C1=O,0.0
1278,OC(=O)\C=C\C(O)=O,0.0
1279,C[Hg]Cl,0.0
1280,CCCCCCCCCCC=O,0.0
1281,CCCCO[Al](OCCCC)OCCCC,0.0
1282,OC1=C(C=CC=C1)C1=CC=CC=C1,1.0
1283,[Na+].CC1=C(Br)C(O)=C(Br)C=C1\C(=C1\C=C(Br)C(=O)C(Br)=C1C)C1=C(C=CC=C1)S([O-])(=O)=O,1.0
1284,CCCCC1C(=O)NC(=O)N(C2CCCCC2)C1=O,0.0
1285,OC(=O)C1=C(O)C=CC(=C1)C1=C(F)C=C(F)C=C1,0.0
1286,NC(=O)NS(=O)(=O)C1=CC=C(Cl)C=C1,0.0
1287,COC(N)=O,0.0
1288,NC1=NC=NC2=C1N=CN2[C@@H]1O[C@@H]2COP(O)(=O)O[C@H]2[C@H]1O,0.0
1289,COC1=C(O)C=CC(C=C)=C1,1.0
1290,[Na+].[Na+].[Na+].O[C@H]1[C@H](O)[C@@](O)(COP([O-])([O-])=O)O[C@@H]1COP(O)([O-])=O,0.0
1291,COC(O)C=C(C)OP(O)(OC)OC,1.0
1292,CCCCC\C=C\C=C\C=O,1.0
1293,CC1=C(N)C=CC(Cl)=C1,0.0
1294,CC(C)(C)C1=CC=C(CCOC2=NC=NC3=C2C=CC=C3)C=C1,1.0
1295,CCN(CC#N)C1=CC(C)=CC=C1,1.0
1296,[Na+].CCCC([O-])=O,0.0
1297,OC1=CC=C(C=C1)C#N,0.0
1298,OC(COC(=O)C=C)COC1=CC=CC=C1,0.0
1299,CCCCCCCCCCCSCC(O)=O,0.0
1300,[Hg++].CC([O-])=O.CC([O-])=O,0.0
1301,COC1=CC(CC2=CN=C(N)N=C2N)=CC(OC)=C1OC,0.0
1302,OC(=O)CN(CCCN(CC(O)=O)CC(O)=O)CC(O)=O,0.0
1303,S1C2=C(C=CC=C2)C2=C1C=CC=C2,0.0
1304,CS(O)(=O)=O.CC(C)C1=CC=C(C=C1S(C)(=O)=O)C(=O)N=C(N)N,1.0
1305,NC1=NC(=O)NC=C1F,0.0
1306,CSC1=CC=C(C=C1)C(=O)C1=C(C)NC(=O)N1,0.0
1307,CCNC1=NC(SC)=NC(NC(C)C)=N1,1.0
1308,CCCC(C)C(O)=O,0.0
1309,COC1=CC(Cl)=CC=C1Cl,0.0
1310,Cl.CCC(C)(CN(C)C)OC(=O)C1=CC=CC=C1,0.0
1311,C[Se]CCC(N)C(O)=O,0.0
1312,C[C@@H]1[C@@H]2NC[C@@H](C)C[C@H]2O[C@]11CC[C@H]2[C@@H]3CC=C4C[C@@H](O)CC[C@]4(C)[C@H]3CC2=C1C,0.0
1313,CC1=NN(C(=O)C1)C1=CC=C(C=C1)S(O)(=O)=O,0.0
1314,ClC(Cl)C(=O)N(CC=C)CC=C,1.0
1315,CC(=O)N1CCN(CC1)C1=CC=C(O)C=C1,0.0
1316,C1CSCCS1,0.0
1317,O=C(C1CCCCC1)C1=CC=CC=C1,1.0
1318,[Br-].CCCCCCCCCCCCCC[P+](CCCCCC)(CCCCCC)CCCCCC,0.0
1319,CC1=C(C=CC=C1[N+]([O-])=O)[N+]([O-])=O,1.0
1320,CC1=NC(C2CCCCC2)=C(O1)C1=CC=C(C(F)=C1)S(N)(=O)=O,0.0
1321,[I-].CCN1C=C[N+](C)=C1,0.0
1322,NCC1=CC=CC=C1SC1=C(CO)C=CC=C1,0.0
1323,NC1=NC2=C(C=CC=C2)N1CC1=CC=C(F)C=C1,0.0
1324,CC1OC(C)C(C)=N1,1.0
1325,CCC(C)NC(N)=O,0.0
1326,CCOC(=O)C1=CN2N=C(OP(=S)(OCC)OCC)C=C2N=C1C,0.0
1327,C(C1=CC=CC=C1)C1=CC=CC=C1,0.0
1328,CCOC(=O)C1=CC=C(NC(=O)CN2CCCCC2)C=C1,0.0
1329,OC(=O)\C=C/C(O)=O.COC1=CC(N)=C(Cl)C=C1C(=O)NC1CCN(CC2=CC=CC=C2)CC1,0.0
1330,OC[C@@H](O)[C@@H](O)[C@H](O)[C@H](O)CO,0.0
1331,CC1=C(CC(O)=O)C2=C(C=CC(F)=C2)\C1=C/C1=CC=C(C=C1)S(C)(=O)=O,0.0
1332,[Cl-].[Cl-].C[N+](C)(C)CCOC(=O)CCC(=O)OCC[N+](C)(C)C,0.0
1333,CC1CCC2=C(C1)OC=C2C,0.0
1334,NC1=CC=C(C=C1)S(=O)(=O)C1=CC=C(N)C=C1,0.0
1335,COC1=C(C=CC=C1)N1CCN(CCCCNC(=O)C2=CC=C(C=C2)C2=CC=C(C=C2)C(C)=O)CC1,0.0
1336,CON=C(C(=O)OC)C1=C(CON=C(C)C2=CC(=CC=C2)C(F)(F)F)C=CC=C1,1.0
1337,CCOP(=S)(OCC)SCSC1=C(Cl)C=CC(Cl)=C1,0.0
1338,OC(=O)C1CCN(CC1)C1=C(NC(=O)NC(=O)C2=CC(F)=C(F)C=C2Cl)C=C(F)C=C1,1.0
1339,C=CC1=CC=CC=C1,0.0
1340,COC1=CC=C2N3CCN(C)C4=NCCC(C2=C1)=C34,0.0
1341,CCC(=O)C(CCN(C)C)(C1=CC=CC=C1)C1=CC=CC=C1,0.0
1342,CCCCCCCCCCCCN(CCO)CCO,0.0
1343,N1C=NC(=C1C1=CC=CC=C1)C1=CC=CC=C1,0.0
1344,OC1=CC(Cl)=CC(Cl)=C1,0.0
1345,Cl.CN1CCCN=C1COC(=O)C(O)(C1CCCCC1)C1=CC=CC=C1,0.0
1346,Cl.O=C(O[C@H]1CN2CCC1CC2)N1CCC2=CC=CC=C2[C@@H]1C1=CC=CC=C1,0.0
1347,O=C(N1CCNCC1)C1=CC=CO1,0.0
1348,CC(C)(S)C(=O)N[C@@H](CS)C(O)=O,0.0
1349,CN1C2=C(N(CCOC(=O)C(C)(C)OC3=CC=C(Cl)C=C3)C=N2)C(=O)N(C)C1=O,0.0
1350,CCCCC[C@@H](O)C1[C@@H](O)C[C@@H](O)C[C@@H](O)C[C@@H](O)C[C@@H](O)CC(O)C(O)C(O)\C(C)=C\C=C\C=C\C=C\C=C\[C@@H](O)C(C)OC1=O,0.0
1351,CCCCC1=C(O)N=C(NCC)N=C1C,0.0
1352,CC(C)(C)C(=O)CC(=O)C(C)(C)C,0.0
1353,COC1=CC2=C(N=CC=C2)C(NCCCC(C)N)=C1,0.0
1354,CC(C)OP(F)(=O)OC(C)C,0.0
1355,CN1CCC2NC3=C(C=C(C)C=C3)C2C1,0.0
1356,OC(=O)C1=C(O)C2=CC=CC=C2C(O)=C1,1.0
1357,OC1=CC=CC(=C1)C(=O)C1=CC=CC=C1,0.0
1358,FAIL,0.0
1359,CC(C)C(C)(N)C#N,0.0
1360,COC1=NC(C)=NC(NC(=O)NS(=O)(=O)C2=C(Cl)C=CC=C2)=N1,1.0
1361,O.[Na+].[Na+].[O-]S(=O)(=O)C1=CC=CC2=C1C=CC=C2S([O-])(=O)=O,0.0
1362,Cl.NC[C@H]1CC[C@@H](CC1)C(=O)OC1=CC=C(CCC(O)=O)C=C1,0.0
1363,Br.NC(=O)C([C@@H]1CCN(CCC2=CC3=C(OCC3)C=C2)C1)(C1=CC=CC=C1)C1=CC=CC=C1,0.0
1364,[O-][N+](=O)C1=C(C=O)C=CC=C1,0.0
1365,OC(=O)C1=C(NCCC2=CC=CC=C2)C=CC=C1,0.0
1366,[Br-].CCCCCCCCCCCCCCCC[N+](C)(C)CCN(CC1=CC=C(OC)C=C1)C1=NC=CC=N1,0.0
1367,CC(C)(C)C1=CC(CC2=CC(=C(O)C(=C2)C(C)(C)C)C(C)(C)C)=CC(=C1O)C(C)(C)C,1.0
1368,CC(C)(C)C(=O)OCOP(=O)(COCCN1C=NC2=C1N=CN=C2N)OCOC(=O)C(C)(C)C,0.0
1369,COC1=CC(\C=C\C(N)=O)=CC(OC)=C1OC,0.0
1370,C[C@]12CC[C@H]3[C@@H](CCC4=CC(=O)C=C[C@]34C)[C@@H]1CCC(=O)O2,0.0
1371,CC(C)CC(C)=NO,0.0
1372,ClCCN(CCCl)C1=CNC(=O)NC1=O,0.0
1373,OC1=CC=CC=C1C(=O)C1=C(O)C=CC=C1,0.0
1374,CC(N(CC1=C(N)N=C(C)N=C1)C=O)=C(CCO)SSC(CCO)=C(C)N(CC1=C(N)N=C(C)N=C1)C=O,0.0
1375,CC(=O)O[Cr](O)OC(C)=O.CC(=O)O[Cr](O)OC(C)=O.CC(=O)O[Cr](OC(C)=O)OC(C)=O,0.0
1376,CC(C)=CC1C(C(=O)OCN2C(=O)C3=C(CCCC3)C2=O)C1(C)C,1.0
1377,OC[C@]1(O)OC[C@@H](O)[C@H](O)[C@@H]1O,0.0
1378,O=C1NOC2=C1CCNC2,0.0
1379,NC1=C(C=CC=C1)C(=O)OCC=CC1=CC=CC=C1,0.0
1380,COC(=O)CC(C)CCC=C(C)C,1.0
1381,CCS(=O)(=O)CCSP(=O)(OC)OC,0.0
1382,O[N+]([O-])=O.ClC1=CC=C(CO\N=C(/CN2C=CN=C2)C2=CC=C(Cl)C=C2Cl)C(Cl)=C1,0.0
1383,CCCCCCCC\C=C/CCCCCCCCO,0.0
1384,O=C1NNC2=C1C=CC=C2,0.0
1385,CC(C)=CCOC1=C2OC(=O)C=CC2=CC2=C1OC=C2,0.0
1386,[K+].[K+].[O-]S(=O)(=O)SSS([O-])(=O)=O,0.0
1387,C[C@@H]1CC2=CC(=O)CC[C@@H]2[C@H]2CC[C@@]3(C)[C@@H](CC[C@]3(C)O)[C@H]12,0.0
1388,CCOC(=O)C1=C(C)N(C)C2=CC=C(O)C=C12,0.0
1389,ON=CC1=CC=C(O1)[N+]([O-])=O,0.0
1390,OC(=O)C1=CN(C2=CC=C(F)C=C2)C2=CC(N3CCNCC3)=C(F)C=C2C1=O,0.0
1391,CCCCC[Si](OCC)(OCC)OCC,1.0
1392,O=C1C2=C(SC(C#N)=C(S2)C#N)C(=O)C2=C1C=CC=C2,0.0
1393,CO,0.0
1394,CCCCNC1=CC(=CC(=C1OC1=CC=CC=C1)S(N)(=O)=O)C(O)=O,0.0
1395,OC1=CC(Cl)=CC(Cl)=C1Cl,0.0
1396,[Na+].OC1=C(C=CC=C1)C([O-])=O,0.0
1397,CC[C@]12CC[C@H]3[C@@H](CCC4=CC(=O)CC[C@H]34)[C@@H]1CCC2(O)C#C,1.0
1398,CN1CCCC1=O,0.0
1399,CC1CC(CC(C)(C)C1)OC(=O)C1=C(O)C=CC=C1,1.0
1400,OC[C@H](O)[C@H]1OC(=O)C(O)=C1O,0.0
1401,CCN(C(=O)C=CC)C1=CC=CC=C1C,0.0
1402,NC(CC1=CC=CC=C1)C(O)=O,0.0
1403,[Br-].CC[N+]1(C)CCCC1,0.0
1404,NCC1CCCC(CN)C1,0.0
1405,CC1=C(N)C=CC=C1Cl,0.0
1406,Cl.OC(CCN1CCCC1)(C1CCCCC1)C1=CC=CC=C1,0.0
1407,CCCC(=O)O[C@@]1(CC[C@H]2[C@@H]3CCC4=CC(=O)CC[C@]4(C)[C@H]3[C@@H](O)C[C@]12C)C(=O)CO,0.0
1408,CC(C)(N=C=O)C1=CC(=CC=C1)C(C)(C)N=C=O,1.0
1409,OCCNC(=O)CN1C=CN=C1[N+]([O-])=O,0.0
1410,CS(O)(=O)=O.CCOC(=O)C1=CC=C(OC(=O)CCCCCNC(N)=N)C=C1,0.0
1411,COC(=O)NS(=O)(=O)C1=CC=C(N)C=C1,1.0
1412,CC(O)CNCC(C)O,0.0
1413,COC1=CC=C(C=C1[N+]([O-])=O)C(=O)NC1=CC=CC=C1,0.0
1414,CCCC1=NC2=C(C=C(C=C2C)C2=NC3=CC=CC=C3N2C)N1CC1=CC=C(C=C1)C1=CC=CC=C1C(O)=O,0.0
1415,ClC1=CC=C(OS(=O)(=O)C2=CC=CC=C2)C=C1,0.0
1416,CCCCCCCCCCCCCCCCCCCl,0.0
1417,N#CSCSC1=NC2=CC=CC=C2S1,0.0
1418,CC1=NC=C(N=C1)C(=O)NCCC1=CC=C(C=C1)S(=O)(=O)NC(=O)NC1CCCCC1,0.0
1419,NC(=O)C1=C(Cl)C=C(C=C1)[N+]([O-])=O,0.0
1420,[Ca++].OCC(=O)[C@@H](O)[C@H](O)[C@@H](O)C([O-])=O.OCC(=O)[C@@H](O)[C@H](O)[C@@H](O)C([O-])=O,0.0
1421,NC1=NC(=O)N(C=C1F)[C@@H]1CS[C@H](CO)O1,0.0
1422,[Na+].[O-][N+]1=C([S-])C=CC=C1,0.0
1423,CC(=O)C1=C(C)C(=C(C(=C1C)[N+]([O-])=O)C(C)(C)C)[N+]([O-])=O,1.0
1424,CCCCC#N,0.0
1425,CO[C@@H](C1CC2=CC3=C(C(O)=C(C)C(O[C@H]4C[C@@H](O[C@H]5C[C@@H](O)[C@H](O)[C@@H](C)O5)[C@@H](O)[C@@H](C)O4)=C3)C(O)=C2C(=O)[C@H]1O[C@H]1C[C@@H](O[C@H]2C[C@@H](O[C@H]3C[C@](C)(O)[C@H](O)[C@@H](C)O3)[C@H](O)[C@@H](C)O2)[C@H](O)[C@@H](C)O1)C(=O)[C@@H](O)[C@@H](C)O,0.0
1426,C[C@]12CC[C@H]3[C@@H](CCC4=C(Cl)C(=O)CC[C@]34C)[C@@H]1CC[C@@H]2O,0.0
1427,CCC1=C(N(C(C)COC)C(=O)CCl)C(C)=CC=C1,1.0
1428,CS(=O)(=O)C1=CC=C(C=C1)[C@@H](O)[C@@H](CF)NC(=O)C(Cl)Cl,0.0
1429,NC(=O)C1=C(O)N(C=N1)[C@@H]1O[C@H](CO)[C@@H](O)[C@H]1O,0.0
1430,CCCCN(CCCC)N=O,1.0
1431,CCCC[N+](C)(C)C.FC(F)(F)S(=O)(=O)[N-]S(=O)(=O)C(F)(F)F,0.0
1432,NC(=N)NN=CC1=C(Cl)C=CC=C1Cl,0.0
1433,C=CC1=CC=NC=C1,0.0
1434,[Br-].CCCCCCCCCCCCCC[N+](C)(C)C,1.0
1435,FC1=CC=C(NC2=NC=NC3=CC(OCCCN4CCOCC4)=C(NC(=O)C=C)C=C23)C=C1Cl,0.0
1436,ClCC1=CC=CC=C1CCl,0.0
1437,CCCCC(CC)COC(=O)\C=C\C1=CC=C(OC)C=C1,1.0
1438,CC1=C2C=CC=CC2=C(C)C2=C3C=CC=CC3=CC=C12,1.0
1439,CCOP(=O)(SC1=CC=CC=C1)SC1=CC=CC=C1,0.0
1440,CC1=CN=C(NS(=O)(=O)C2=CC=C(N)C=C2)N=C1,0.0
1441,[Cl-].CCCCCCCCCCCCCC[N+](C)(C)C,1.0
1442,Cl.COC1=C(C=CC=C1)N1CCN(CCCNC2=CC(=O)N(C)C(=O)N2C)CC1,0.0
1443,[OH-].C[N+](C)(C)CCO,0.0
1444,NC(=O)C1=C(C=CC=C1)C(N)=O,0.0
1445,Cl.C1CN(CCN1)C1=CC=CC2=C1OCCO2,0.0
1446,CC(=O)[C@@]1(O)CC[C@H]2[C@@H]3C=C(Cl)C4=CC(=O)CC[C@]4(C)[C@H]3CC[C@]12C,0.0
1447,OC(=O)\C=C\C(O)=O.C[C@H]1[C@@H]2CC3=C(C=C(O)C=C3)[C@@]1(C)CCN2C.C[C@H]1[C@@H]2CC3=C(C=C(O)C=C3)[C@@]1(C)CCN2C,0.0
1448,CCCCCl,0.0
1449,[O-][N+]([O-])=O.CC1=C(CCO)SC=[N+]1CC1=CN=C(C)N=C1N,0.0
1450,COS([O-])(=O)=O.CCCC[P+](C)(CCCC)CCCC,0.0
1451,CCOC(=O)CC(=O)CCl,0.0
1452,COC(=O)CCSCCC(=O)OC,0.0
1453,OC[C@@H](O)[C@@H](O[C@@H]1O[C@H](CO)[C@H](O)[C@H](O)[C@H]1O)[C@H](O)[C@@H](O)C(O)=O,0.0
1454,OC(=O)CC(=C)C(O)=O,0.0
1455,O[C@H]([C@@H](O)C(O)=O)C(O)=O.CN1C[C@@H](C=C2[C@H]1CC1=CNC3=CC=CC2=C13)C(=O)N[C@]1(C)O[C@@]2(O)[C@@H]3CCCN3C(=O)[C@H](CC3=CC=CC=C3)N2C1=O.CN1C[C@@H](C=C2[C@H]1CC1=CNC3=CC=CC2=C13)C(=O)N[C@]1(C)O[C@@]2(O)[C@@H]3CCCN3C(=O)[C@H](CC3=CC=CC=C3)N2C1=O,1.0
1456,CC(COCC(C)OC(=O)C1=CC=CC=C1)OC(=O)C1=CC=CC=C1,1.0
1457,OC(=O)C(=O)CC1=CNC2=C1C=CC=C2,0.0
1458,CC1=CC(C)=NC(NC2=CC=CC=C2)=N1,0.0
1459,Cl.CCOC1=C(OCCN[C@H](C)CC2=CC(=C(OC)C=C2)S(N)(=O)=O)C=CC=C1,0.0
1460,CCC1=CC=C(C=C1)C(C(Cl)Cl)C1=CC=C(CC)C=C1,1.0
1461,CC(=O)NC1=C(C)C=CC=C1,0.0
1462,C[C@H](CNC(=O)CC[C@]1(C)[C@@H](CC(N)=O)[C@H]2N=C1\C(C)=C1/N=C(/C=C3\N=C(\C(\C)=C4\[C@@H](CCC(N)=O)[C@](C)(CC(N)=O)[C@@]2(C)N4[Co+]C#N)[C@@](C)(CC(N)=O)[C@@H]3CCC(N)=O)C(C)(C)[C@@H]1CCC(N)=O)OP([O-])(=O)O[C@@H]1[C@@H](CO)O[C@@H]([C@@H]1O)N1C=NC2=C1C=C(C)C(C)=C2,0.0
1463,OCC(O)COC1=CC=C(Cl)C=C1,0.0
1464,Cl.CC(C)(N)CC1=CC=C(Cl)C=C1,0.0
1465,ClC1=CC=CC=C1C#N,0.0
1466,Cl.CNC[C@H](O)C1=CC(O)=CC=C1,1.0
1467,CCC(=O)OC(C)(CCC=C(C)C)C=C,1.0
1468,CCCCCCCCCC,0.0
1469,[I-].CCCC[N+]1=CC=C(C)C=C1,0.0
1470,CCOP(=O)(CC)OC1=CC=C(C=C1)[N+]([O-])=O,0.0
1471,CC1=C(O)C(CO)=C(CO)C=N1,0.0
1472,ClCC1=CC=CC=C1Cl,0.0
1473,CCOC(C)=O,0.0
1474,COC1=CC=C(NC2=CC=CC=C2)C(C)=C1,1.0
1475,Cl.CCOC1=CC=C(N\C(C)=N\C2=CC=C(OCC)C=C2)C=C1,0.0
1476,[Br-].CCCCCCCCCCCCCC[N+]1=CC=CC=C1,1.0
1477,[K+].[O-][N+]([O-])=O,0.0
1478,OS(O)(=O)=O.NC(=N)N1CCC2=C(C1)C=CC=C2.NC(=N)N1CCC2=C(C1)C=CC=C2,0.0
1479,Cl.CNCCCN1C2=C(CCC3=C1C=CC=C3)C=CC=C2,0.0
1480,CC1=C(O)C=C(N)C=C1,0.0
1481,O=C1C2=CC=CC=C2CCC2=C1C=CC=C2,0.0
1482,CC(C(O)=O)C1=CC=C(C2CCCCC2)C2=C1C=CC=C2,0.0
1483,CCCCC(=O)OCC(=O)[C@H]1[C@H](C)C[C@H]2[C@@H]3C[C@H](F)C4=CC(=O)C=C[C@]4(C)[C@@]3(F)[C@@H](O)C[C@]12C,0.0
1484,COC(=O)CCCCC(O)=O,0.0
1485,CCC(C)C=O,1.0
1486,CC(C)(C)NC[C@H](O)COC1=NSN=C1N1CCOCC1,0.0
1487,Cl.CCC(=O)N(C1CCN(CC1)C(C)CC1=CC=CC=C1)C1=CC=CC=C1,0.0
1488,OCCCCCCCCCCCCBr,0.0
1489,CON(C)C(=O)NC1=CC(Cl)=C(Br)C=C1,0.0
1490,CN(C)S(=O)(=O)C1=CC2=C(SC3=CC=CC=C3C2=CCCN2CCN(C)CC2)C=C1,0.0
1491,CC(C)CC(C)CC(=O)CC(C)C,1.0
1492,CN1CC[C@]23[C@H]4OC5=C(O)C=CC(C[C@@H]1[C@@H]2CC[C@@H]4O)=C35,0.0
1493,C[Si](C)(CCCN)O[Si](C)(C)CCCN,0.0
1494,[Na+].CC(C)C1=CC2=CC[C@@H]3[C@](C)(CCC[C@@]3(C)C([O-])=O)[C@H]2CC1,1.0
1495,NC1=CC=C(C(O)=O)C(O)=C1.CN(C)CCOC1=CC=CC=C1CC1=CC=CC=C1,0.0
1496,CC(OC1=CC=C(OC2=NC=C(C=C2Cl)C(F)(F)F)C=C1)C(O)=O,0.0
1497,CC(C)OC1=CC2=C(C=C1)C(=O)C(=CO2)C1=CC=CC=C1,0.0
1498,FC(F)(F)C(F)(F)C(F)(F)C(F)(F)C(F)(F)F,0.0
1499,CC(C)CCCC(O)=O,0.0
1500,CC(C)(OC1=CC=C(Cl)C=C1)C(=O)OCCCOC(=O)C(C)(C)OC1=CC=C(Cl)C=C1,0.0
1501,CCOC(=O)C(=O)C1=CSC(NC=O)=N1,0.0
1502,OC(=O)CC(O)(CC(O)=O)C(O)=O.CN(C)CCOC1=C(CC2=CC=CC=C2)C=CC=C1,0.0
1503,CC(=C)CC(C)(C)C,0.0
1504,CC(C)OB(OC(C)C)OC(C)C,0.0
1505,C=CC(=O)OCC1CCC2C3CC(CC3COC(=O)C=C)C12,0.0
1506,[O-][N+](=O)C1=CC=CC(C=O)=C1,0.0
1507,COC1=CC=C(O)C=C1,0.0
1508,[Cl-].CC(C[N+](C)(C)C)OC(C)=O,0.0
1509,CC(O)=O.CCCCCCCCCCCCNC(N)=N,0.0
1510,OC[C@H]1OC(S[Au])[C@H](O)[C@@H](O)[C@@H]1O,0.0
1511,[Cl-].CCCCCCCCCCN1C=C[N+](CCCCCCCCCC)=C1C,0.0
1512,COC1=CC(OCC(O)CN2CCN(CC2)C2=C(OC)C=CC=C2)=CC(OC)=C1OC,0.0
1513,Cl.CCN[C@@H](C)CC1=CC=CC=C1,0.0
1514,[Cl-].CCCCCCN1C=C[N+](C)=C1,0.0
1515,OCCSC1=CC=CC=C1,0.0
1516,CCOC(=O)CC(CC(=O)OCC)(OC(C)=O)C(=O)OCC,1.0
1517,CN(C)[C@H](CC1=CC=CC=C1)C1=CC=CC=C1,0.0
1518,Cl.CCN[C@@H](C)CC1=CC=CC(=C1)C(F)(F)F,0.0
1519,CCCCOC(=O)C(=O)OCCCC,0.0
1520,C[C@@H](O)[C@@H](CO)NC(=O)[C@@H]1CSSC[C@H](NC(=O)[C@H](N)CC2=CC=CC=C2)C(=O)N[C@@H](CC2=CC=CC=C2)C(=O)N[C@H](CC2=CNC3=C2C=CC=C3)C(=O)N[C@@H](CCCCN)C(=O)N[C@@H](C(C)O)C(=O)N1,0.0
1521,NC1=C(Cl)C(Cl)=C(Cl)C(Cl)=C1Cl,1.0
1522,OC(=O)C(Br)CBr,0.0
1523,OC(=O)CN1C(=O)N(CC2=CC=C(Br)C=C2F)C(=O)C2=C1C=C(Cl)C=C2,1.0
1524,CC(C)=CCC\C(C)=C\C=C\C(\C)=C\C=C\C(\C)=C\C=C\C=C(/C)\C=C\C=C(/C)\C=C\C=C(/C)CCC=C(C)C,0.0
1525,CCC1=NC=CN=C1CC,0.0
1526,CCCCN(N=O)C(=N)N[N+]([O-])=O,0.0
1527,COC(=O)C1=C(C=CC=C1)C(O)=O,0.0
1528,CO\N=C1\C[C@]2(C[C@@H]3C[C@@H](C\C=C(C)\C[C@@H](C)\C=C\C=C4/CO[C@@H]5[C@H](O)C(C)=C[C@@H](C(=O)O3)[C@]45O)O2)O[C@@H]([C@H]1C)C(\C)=C\C(C)C,0.0
1529,COP(=S)(OC)OC1=CC=C(C=C1)S(=O)(=O)N(C)C,1.0
1530,Cl.CN(C)CCN(CC1=CC=CS1)C1=NC=CC=C1,0.0
1531,CC([O-])=O.C[N+](C)(C)CCO,0.0
1532,CN1C(=O)C(=NNC(N)=S)C2=C1C=CC=C2,0.0
1533,O=C1C(CCCC1=CC1=CC=CS1)=CC1=CC=CS1,0.0
1534,CN\C(NCC1=CN=C(Cl)S1)=N/[N+]([O-])=O,0.0
1535,[Na+].CC1=CC=C(N=NC2=C(O)C=CC(N=NC3=CC=C(C=C3)S([O-])(=O)=O)=C2O)C(C)=C1,1.0
1536,O=C=NCC1=CC(CN=C=O)=CC=C1,0.0
1537,ClCCC(=O)NCCC1=CC=CC=C1,0.0
1538,COC1=CC=C(C=NNC(=O)C2=CC=NC=C2)C(C(O)=O)=C1OC,0.0
1539,Cl.CC(C)(C)NC[C@H](O)COC1=CC=CC2=C1CCCC2=O,0.0
1540,OC[C@H]1O[C@@H]2O[C@@H]3[C@@H](CO)O[C@H](O[C@@H]4[C@@H](CO)O[C@H](O[C@@H]5[C@@H](CO)O[C@H](O[C@@H]6[C@@H](CO)O[C@H](O[C@@H]7[C@@H](CO)O[C@H](O[C@H]1[C@H](O)[C@H]2O)[C@H](O)[C@H]7O)[C@H](O)[C@H]6O)[C@H](O)[C@H]5O)[C@H](O)[C@H]4O)[C@H](O)[C@H]3O,0.0
1541,Cl.CC1=NC=C(CO)C(CO)=C1O,0.0
1542,[Na+].O=C1[N-]S(=O)(=O)C2=CC=CC=C12,0.0
1543,CCCSC1=CC=C2NC(NC(=O)OC)=NC2=C1,0.0
1544,ClC1=CC2=C(NC(=O)CN3CCOC23C2=C(Cl)C=CC=C2)C=C1,0.0
1545,CS(=O)(=O)C1=CC=C(C=C1)C1=CN2C=CC=CC2=N1,0.0
1546,C=CC(=O)OCCOC1C2CCC1C1C=CCC21,0.0
1547,NC1=CC(=C(NCCO)C=C1)[N+]([O-])=O,0.0
1548,CCOC1=CC=C2N=C(SC2=C1)S(N)(=O)=O,0.0
1549,COC(=O)[C@@H](N)CCCN\C(N)=N\[N+]([O-])=O,0.0
1550,CC(=O)OCCN(CCOC(C)=O)C1=CC=C(C=C1)\N=N\C1=C(C=C(C=C1)[N+]([O-])=O)C#N,0.0
1551,OCCOCCO,0.0
1552,C1CS1,0.0
1553,CCCOC1=CC=CC=C1C1=NC2=C(N=NN2)C(=O)N1,0.0
1554,O.[Na+].CC1=C(Cl)C(NC2=C(C=CC=C2)C([O-])=O)=C(Cl)C=C1,0.0
1555,CC1=C(C(=O)NC2=CC=CC=C2)S(=O)(=O)CCO1,1.0
1556,CCCC(=O)OC[C@@H](OC(=O)CCC)[C@@H](OC(=O)CCC)[C@H](CN1C2=C(C=C(C)C(C)=C2)N=C2C(=O)NC(=O)N=C12)OC(=O)CCC,0.0
1557,COC(=O)\C=C/C(O)=O,0.0
1558,NC(=O)CN1C(=O)C=C(CCN2CCN(CC2)C2=NC=CC3=C2C=CS3)C2=C1C=C(F)C=C2,1.0
1559,CC(=O)OCC1=CC=C2OCOC2=C1,1.0
1560,NC[C@@H]1CC[C@@H](N)[C@@H](O[C@@H]2[C@@H](N)C[C@@H](N)[C@H](O[C@H]3O[C@H](CO)[C@@H](O)[C@H](N)[C@H]3O)[C@H]2O)O1,0.0
1561,[O-]C(=O)\C=C/C([O-])=O.C[NH+](C)CCC(C1=CC=CC=C1)C1=CC=CC=[NH+]1,0.0
1562,CCCCCCOC(=O)C=C,1.0
1563,COC1=CC2=C(C=CC(=O)O2)C(OC)=C1,0.0
1564,NC1=C(I)C(C(=O)N(CCC(O)=O)C2=CC=CC=C2)=C(I)C=C1I,0.0
1565,ClCOCCl,0.0
1566,OC(=O)[C@H]1CN(C\C=C\P(O)(O)=O)CCN1,0.0
1567,Cl.CN(C)CCOC(=O)C(C1=CC=CC=C1)C1(O)CCCC1,0.0
1568,O=S1(=O)OCCO1,0.0
1569,CC(C)(C)C(=O)OCOC(=O)[C@@H]1N2[C@H](SC1(C)C)[C@H](NC(=O)[C@H](N)C1=CC=CC=C1)C2=O,0.0
1570,OC(=O)C[C@H](NC(=O)OCC1=CC=CC=C1)C(O)=O,0.0
1571,CC1=CSC=N1,0.0
1572,CC(N)=O,0.0
1573,CCCC(=O)OCC,0.0
1574,Br.CCCN1CN(C)C=C1,0.0
1575,CC1(C)CC(N)CC(C)(C)N1,0.0
1576,COC1=CC=C(C=C1)C1=COC2=C(C(O)=CC(O)=C2)C1=O,1.0
1577,CN1CSC(=S)N(C)C1,0.0
1578,Cl.CN(C)CCCN1C2=C(CCC3=C1C=C(Cl)C=C3)C=CC=C2,1.0
1579,Cl.CCOC(=O)OCC\C(SC(=O)OCC)=C(/C)N(CC1=C(N)N=C(C)N=C1)C=O,0.0
1580,CN=C=S,0.0
1581,CC(C)C1=CCC(C)=CC1,0.0
1582,C[C@]12CC[C@H]3[C@@H](CCC4=CC(=O)CC[C@]34C)[C@@H]1CCC2=O,1.0
1583,Cl.COC1=CC(=CC(OC)=C1OC)C(=O)NCC1=CC=C(OCCN(C)C)C=C1,0.0
1584,CC1=C(OCC(O)CNCCOC2=CC=C(C=C2)C(N)=O)C=CC=C1,0.0
1585,O=C1OC(=O)C=C1,0.0
1586,CC(CCC#N)C#N,0.0
1587,O.O[C@H]1CC[C@H]2CN3CCC4=C(NC5=C4C=CC=C5)[C@@H]3C[C@@H]2[C@H]1C(O)=O,0.0
1588,C[C@]12CC[C@H]3[C@@H](CC[C@H]4C[C@H](O)CC[C@]34C)[C@@H]1CCC2=O,1.0
1589,CCN(CC)CCN,0.0
1590,O[N+]([O-])=O.ClC1=CC=C(CSC(CN2C=CN=C2)C2=CC=C(Cl)C=C2Cl)C=C1,0.0
1591,CC(C)=CCCC(C)=CC(O)=O,1.0
1592,CC1=C(O)C=CC=C1,0.0
1593,OS(=O)(=O)C1=CC2=C(C=CC=C2)C=C1,1.0
1594,CC1=CC(CC2=CC(C)=CC(=C2O)C(C)(C)C)=C(O)C(=C1)C(C)(C)C,1.0
1595,NC1=NC(Cl)=NC2=C1N=CN2[C@@H]1O[C@H](CO)[C@@H](O)[C@@H]1F,0.0
1596,CCC(C)C1=CC=C(O)C=C1,1.0
1597,CCOP([O-])(=O)OCC.CCCC[P+](CC)(CCCC)CCCC,0.0
1598,CC1=C(CC=O)C(C)(C)CCC1,1.0
1599,FC1=CC=C(C=C1)N1CCN(CCCN2C3=CC=CC4=C3C(=CC=C4)S2(=O)=O)CC1,0.0
1600,NCCC(=O)N1[Zn]OC(=O)[C@@H]1CC1=CN=CN1,0.0
1601,[Na+].CC(C)CP([S-])(=S)CC(C)C,1.0
1602,OC(=O)CC(O)(CC(O)=O)C(O)=O.CN1[C@H]2CC[C@@H]1C[C@@H](C2)OC1C2=CC=CC=C2CCC2=C1C=CC=C2,0.0
1603,CCCCCCCCC(CO)CCCCCC,1.0
1604,CC(C)C1=CC=C(C)C=C1O,1.0
1605,COCCOC,0.0
1606,COC1=CC=C(C=C1OC)S(=O)(=O)N1[C@H](C(=O)N2CCC[C@@H]2C(N)=O)[C@@](O)(C2=C1C=CC(Cl)=C2)C1=CC=CC=C1Cl,0.0
1607,Cl.CN1CCCC(CC1)N1N=C(CC2=CC=C(Cl)C=C2)C2=CC=CC=C2C1=O,0.0
1608,CCCCCCCCOC(=O)C1=CC=C(C(=O)OCCCCCCCC)C(=C1)C(=O)OCCCCCCCC,0.0
1609,CC(=O)N[C@@H](C=O)[C@H](O)[C@H](O)[C@@H](O)CO,0.0
1610,C(NC1=NC=NC2=C1N=CN2C1CCCCO1)C1=CC=CC=C1,1.0
1611,CC1=CC=CC=C1[N+]([O-])=O,0.0
1612,CC1=CC=C(C=C1)S(=O)(=O)NC(=O)NC1CCCC1,0.0
1613,[Br-].C[N+]1(C)CCCC(C1)OC(=O)C(O)(C1=CC=CC=C1)C1=CC=CC=C1,0.0
1614,CCCCCOC1=C(C=CC=C1)C(=C/SC)\N1C=CN=C1,0.0
1615,[Na+].CC(C)(O)C1=C(CC[C@@H](SCC2(CC([O-])=O)CC2)C2=CC(\C=C\C3=NC4=CC(Cl)=CC=C4C=C3)=CC=C2)C=CC=C1,0.0
1616,NC1=CC=C2C(CC3=CC=CC=C23)=C1,0.0
1617,CC(C)(O)C#CC(C)(C)O,0.0
1618,BrC1=C(Br)C(Br)=C(OC2=C(Br)C(Br)=C(Br)C(Br)=C2Br)C(Br)=C1Br,0.0
1619,C[C@]12CC[C@H]3[C@@H](CC[C@@]45O[C@@H]4C(O)=C(C[C@]35C)C#N)[C@@H]1CC[C@@H]2O,1.0
1620,CC(C)C(=O)NC1=CC(=C(C=C1)[N+]([O-])=O)C(F)(F)F,1.0
1621,CC1=CC=C2C(=O)C3=C(C=CC=C3)C(=O)C2=C1[N+]([O-])=O,0.0
1622,O1C=CC2=C1C=CC=C2,0.0
1623,OC1=CC=C(O)C2=C1C(=O)C1=C(C=CC=C1)C2=O,1.0
1624,ClC(=O)OCC1=CC=CC=C1,0.0
1625,O=C1C2=C(C=CC=C2)C(=O)C2=C1C=CC=C2,0.0
1626,NC1=NC2=CC=C(C=C2S1)[N+]([O-])=O,1.0
1627,[Cl-].CCCC[N+](C)(CCCC)CCCC,0.0
1628,CNC(C)CC1=CC=CC=C1OC,0.0
1629,CC\C(=C(/C1=CC=C(O)C=C1)C1=CC=C(OCCN(C)C)C=C1)C1=CC=CC=C1,0.0
1630,CC1(C)C2CCC(C2)C1=C,1.0
1631,CCCCCCC(=O)OCC=C,0.0
1632,Cl.CN(C)CCCN1C2=CC=CC=C2SC2=CC=C(C=C12)C(F)(F)F,0.0
1633,Cl.CN(C)[C@H]1[C@@H]2[C@@H](O)[C@H]3C(=C(O)[C@]2(O)C(=O)C(C(N)=O)=C1O)C(=O)C1=C(C=CC=C1O)[C@@]3(C)O,0.0
1634,COC1=CC=C(OC(=O)N(CC(O)=O)CC2=CC=C(OCCC3=C(C)OC(=N3)C3=CC=CC=C3)C=C2)C=C1,0.0
1635,[Na+].CC(=C)CS([O-])(=O)=O,0.0
1636,CC1=CC(N)=CC(C)=C1,0.0
1637,CN(CCCC(=O)C1=CC=CN=C1)N=O,0.0
1638,ClC(Br)Br,0.0
1639,CNC(=O)OC1=CC(=CC(C)=C1)C(C)C,0.0
1640,CCCCC(O)=O,0.0
1641,Cl.CN1CC[C@]23[C@H]4OC5=C(OC(C)=O)C=CC(C[C@@H]1[C@@H]2C=C[C@@H]4OC(C)=O)=C35,0.0
1642,NCCN1CCNC1=O,0.0
1643,BrCC(Br)COP(=O)(OCC(Br)CBr)OCC(Br)CBr,1.0
1644,C(\C=C\C1=CC=CC=C1)N1CCN(CC1)C(C1=CC=CC=C1)C1=CC=CC=C1,0.0
1645,OC=O.NCCO,0.0
1646,NC1(CCCCC1)C#N,0.0
1647,CCCCCCC1=CC=C(C=C1)C1=CC=C(C=C1)C#N,0.0
1648,Cl.NC(=N)NC(=N)N1CCOCC1,0.0
1649,CCCCCCCCOC(=O)C=C,0.0
1650,CC1(C)CCC(C)(C)C2=C1C=CC(NC(=O)C1=CC=C(C=C1)C(O)=O)=C2,0.0
1651,CC(=O)O[C@@]1(CC[C@H]2[C@@H]3C=C(Cl)C4=CC(=O)CC[C@]4(C)[C@H]3CC[C@]12C)C(C)=O,0.0
1652,CC(C)C(C)C,0.0
1653,CC1=NC=C(C=N1)[C@@H](CCCCCCC1=NC2=C(CCCN2)C=C1)CC(O)=O,1.0
1654,CCCC(C)C1=C(O)C=CC=C1,0.0
1655,CN(C)S(=O)(=O)N(SC(F)(Cl)Cl)C1=CC=C(C)C=C1,0.0
1656,CCCCCCCCCCCCCCCCCCOCC(O)CO,0.0
1657,CN(C)CCC1=CNC2=C1C=C(O)C=C2,0.0
1658,NC(=O)CN1CC(O)CC1=O,0.0
1659,C[C@@H](CN1CC(=O)NC(=O)C1)N1CC(=O)NC(=O)C1,0.0
1660,Cl[Sn](C1=CC=CC=C1)(C1=CC=CC=C1)C1=CC=CC=C1,0.0
1661,CC(C)C(=O)OCC\C(SS\C(CCOC(=O)C(C)C)=C(\C)N(CC1=C(N)N=C(C)N=C1)C=O)=C(/C)N(CC1=C(N)N=C(C)N=C1)C=O,0.0
1662,COS(=O)(=O)C(F)(F)F,0.0
1663,NCCNCCNCCN,0.0
1664,[K+].CC(=O)CC(C1=CC=CC=C1)C1=C([O-])C2=C(OC1=O)C=CC=C2,0.0
1665,CC(=O)N[C@@H](CO)C(=O)N[C@@H](CC(O)=O)C(=O)N[C@@H](CCCCN)C(=O)N1CCC[C@H]1C(O)=O,0.0
1666,CCCCCC=O,0.0
1667,[O-][N+]1=C(C2=CC=CC=C2)C2=C(NC(=O)C1)C=CC(Cl)=C2,0.0
1668,C\C(\C=C\C=C(/C)\C=C\C1=C(C)C(=O)CCC1(C)C)=C/C=C/C=C(\C)/C=C/C=C(\C)/C=C/C1=C(C)C(=O)CCC1(C)C,0.0
1669,NC1=C(O)C=CC=C1,0.0
1670,CCC(C)C1=CC(=C(O)C(=C1)C(C)(C)C)C(C)(C)C,0.0
1671,ClC1=CC2=C(C=C1)N(C1CCN(CCCN3C(=O)NC4=C3C=CC=C4)CC1)C(=O)N2,0.0
1672,CCCCCCCCCCCCC1CO1,0.0
1673,C\C(=N/NC(=O)NC1=CC(F)=CC(F)=C1)C1=NC=CC=C1C(O)=O,0.0
1674,COC1=NC(NC(C)C)=NC(NC(C)C)=N1,1.0
1675,[NH4+].NC([O-])=O,0.0
1676,COC(=O)C1=C(C)NC(C)=C(C1C1=C(OC(F)F)C=CC=C1)C(=O)OC,0.0
1677,CCCCCCC1CCC(=O)O1,0.0
1678,BrC1=CC=C(OC2=CC=CC=C2)C=C1,0.0
1679,CC(COC1=CC=C(C=C1)C(C)(C)C)OS(=O)OCCCl,0.0
1680,CCN(CC)CCNC(=O)C1=CC=C(N)C=C1,0.0
1681,COC1=NC(C)=NC(NS(=O)(=O)C2=CC=C(N)C=C2)=C1,0.0
1682,CNC(=O)ON=CC(C)(C)SC,0.0
1683,CC1CNCC(C)O1,0.0
1684,NCCN,0.0
1685,[Na+].CC1=C(OCC([O-])=O)C=CC(Cl)=C1,0.0
1686,OC(=O)C1=CC=C(Cl)C(Cl)=C1,0.0
1687,C\C(=N/O)C1=CC=C(OCC(=O)N2CCCCC2)C=C1,0.0
1688,C[C@H]1CNCCC2=CC=C(Cl)C=C12,0.0
1689,OC(=O)C=CC(O)=O.CC(C)OC(=O)OCOP(=O)(CO[C@H](C)CN1C=NC2=C1N=CN=C2N)OCOC(=O)OC(C)C,0.0
1690,Cl.N[C@@H](CS)C(O)=O,0.0
1691,ClC1=CC=C(C=O)C=C1Cl,0.0
1692,[Cl-].CCCCCCCCCCCCCCCCCC[N+](C)(C)C,0.0
1693,CC12CC3CC(C)(C1)CC(N)(C3)C2,0.0
1694,OC(CN1C=NC=N1)(CN1C=NC=N1)C1=C(F)C=C(F)C=C1,0.0
1695,Cl.OC(=O)\C=C\C1=CC=C(CN2C=CN=C2)C=C1,0.0
1696,CC(=O)OC1CCC(CC1)C(C)(C)C,0.0
1697,NCCS(O)(=O)=O,0.0
1698,CC(C(O)C1=CC=CC=C1)N(C)C\C=C\C1=CC=CC=C1,0.0
1699,OC[C@H](CC1=CC(O)=CC=C1)[C@H](CO)CC1=CC=CC(O)=C1,0.0
1700,[Cu]I,0.0
1701,O=C1OC(=O)C2=C1C=CC(OC1=CC3=C(C=C1)C(=O)OC3=O)=C2,0.0
1702,CC1=CC=CC(C)=C1O,0.0
1703,Cl.CCCOC(=O)NCCCN(C)C,0.0
1704,CSCCCN=C=S,0.0
1705,OC(=O)CC1=C(N=C(S1)C1=CC=CC=C1)C1=CC=C(Cl)C=C1,0.0
1706,Cl.CNNCC1=CC=C(C=C1)C(=O)NC(C)C,1.0
1707,CCCCCCCCCCCCOC(C)=O,0.0
1708,CC(C)CCOC(C)=O,0.0
1709,CCC[C@H](N[C@@H](C)C(=O)N1[C@H]2CCCC[C@H]2C[C@H]1C(O)=O)C(=O)OCC,0.0
1710,CC(C)(C)C1=CC(C=O)=CC(=C1O)C(C)(C)C,0.0
1711,CCOC(=O)CBr,0.0
1712,CN(C)CCC(O)(C1=CC=CC=C1)C1=CC=CC=C1Cl,0.0
1713,[Na+].[O-]N=O,1.0
1714,Cl.OC(=O)C1=CN(C2=CC=C(F)C=C2)C2=C(C=C(F)C(=C2)N2CCNCC2)C1=O,0.0
1715,CCCC[Sn](CCCC)(OC(C)=O)OC(C)=O,0.0
1716,CC1=CC=C(C=C1S(O)(=O)=O)[N+]([O-])=O,0.0
1717,OCCCC1=CN=CC=C1,0.0
1718,OC(=O)CCCCCCNC1C2=C(CCC3=C1C=CC=C3)C=CC=C2,0.0
1719,CC(C)CC1=NC=CS1,0.0
1720,CCCCOCC(C)O,0.0
1721,Cl.CCCCCCCCCCCCN,0.0
1722,[Co++].[CH-]1C=CC=C1.[CH-]1C=CC=C1,0.0
1723,CC(C)C(C)(C)C(C)(C)C(C)(C)S,1.0
1724,COC1=C(OC2=CC=C(Cl)C=C2Cl)C=CC(Cl)=C1,0.0
1725,CCCCC1=NC(Cl)=C(CO)N1CC1=CC=C(C=C1)C1=CC=CC=C1C1=NN=NN1,0.0
1726,Cl.CCOC(=O)C1(CCN(CCC(C#N)(C2=CC=CC=C2)C2=CC=CC=C2)CC1)C1=CC=CC=C1,0.0
1727,CNC[C@H](O)[C@@H](O)[C@H](O)[C@H](O)CO,0.0
1728,O=C1CCCCCCCCCCCCCCO1,1.0
1729,OCCN1CCNC1=O,0.0
1730,BrC(Br)Br,0.0
1731,C[C@H]1C(=O)O[C@@H]2CCN3CC=C(COC(=O)[C@](C)(O)[C@]1(C)O)[C@H]23,0.0
1732,OC1=CC2=C(C=C1)C1=C(O2)C2=C(OC1=O)C=C(O)C=C2,0.0
1733,CC1=C2C=C3C=CC4=C5C(C=CC(C2=CC=C1)=C35)=CC=C4,0.0
1734,COC1=CC=CC=C1\C=C\C=O,0.0
1735,CC(C)NCC(O)C1=CC2=CC=CC=C2C=C1,0.0
1736,CC(C)(C)C1=CC=C(OC2CCCCC2OS(=O)OCC#C)C=C1,1.0
1737,OCC(COC(=O)C=C)(COC(=O)C=C)COC(=O)C=C,0.0
1738,CC1=CC=C2C(C=CC3=CC=CC=C23)=C1,0.0
1739,CCCC(C1=CC(=C(O)C=C1C)C(C)(C)C)C1=CC(=C(O)C=C1C)C(C)(C)C,0.0
1740,O.O.O.[Na+].NCCCC(O)(P(O)(O)=O)P(O)([O-])=O,0.0
1741,CC(=O)OCC(=O)NC1=CC(=CC(NC(=O)COC(C)=O)=C1Cl)C#N,0.0
1742,[Na+].OC1=CC=C(C=C1)S([O-])(=O)=O,0.0
1743,NCC[C@H](O)C(=O)N[C@@H]1C[C@H](N)[C@@H](O[C@H]2O[C@H](CN)[C@@H](O)[C@H](O)[C@H]2O)[C@H](O)[C@H]1O[C@H]1O[C@H](CO)[C@@H](O)[C@H](N)[C@H]1O,0.0
1744,CCN(CC)C1=C(C=C(C(N)=C1[N+]([O-])=O)C(F)(F)F)[N+]([O-])=O,0.0
1745,Cl.COC1=C(OC)C=C2C(=O)C(CC3CCN(CC4=CC=CC=C4)CC3)CC2=C1,0.0
1746,CC1(C)N(Cl)C(=O)N(Br)C1=O,0.0
1747,N[C@@H](COP(O)(O)=O)C(O)=O,0.0
1748,CCOC(C)(C)C,0.0
1749,CCOC(=O)C1CC(=O)C(=C(O)C2CC2)C(=O)C1,1.0
1750,Cl.CN(C)C1=CC=C(C=C1)C(=N)C1=CC=C(C=C1)N(C)C,0.0
1751,[I-].CCN1C(SC2=CC=CC=C12)=CC=CC1=[N+](CC)C2=CC=CC=C2S1,0.0
1752,COC1=CC(=CC(OC)=C1OC)C(=O)OCCCN1CCCN(CCCOC(=O)C2=CC(OC)=C(OC)C(OC)=C2)CC1,0.0
1753,NCC(O)=O,0.0
1754,[Na+].CC(=O)C([O-])=O,0.0
1755,OC[C@@H](O)[C@@H](O)[C@H](O)C=O,0.0
1756,Cl.CC1=NC=C2CN=C(C3=CC=CC=C3F)C3=CC(Cl)=CC=C3N12,0.0
1757,Cl.CCOC(=O)COC1=CC2=C(C=C1)C(C)=C(CCN(CC)CC)C(=O)O2,0.0
1758,COC(=O)C1=C(C)NC(COC(N)=O)=C(C1C1=C(Cl)C(Cl)=CC=C1)C(=O)OC(C)C,0.0
1759,CC1=CC2=C(NN=N2)C=C1,0.0
1760,N#C[N-]C#N.CCCCCCCCCCCCCC[P+](CCCCCC)(CCCCCC)CCCCCC,0.0
1761,NC1=CC=C(C=C1)[As](O)(O)=O,0.0
1762,CN1CCCC(C1)OC(=O)C(O)(C1=CC=CC=C1)C1=CC=CC=C1,0.0
1763,O=C1CCCCCN1,1.0
1764,CCCCCCCC(=O)OC,0.0
1765,CC1(C)O[C@@H]2CO[C@@]3(COS(N)(=O)=O)OC(C)(C)O[C@H]3[C@@H]2O1,1.0
1766,COCC(C)O,0.0
1767,CCNC(=S)NCC,0.0
1768,CCCCOCCOCCOC(C)=O,0.0
1769,CC(C)COC1=CC=C(C=C1C#N)C1=NC(C)=C(S1)C(O)=O,0.0
1770,OC1=CC2=C(C(O)=C1)C(=O)C=C(O2)C1=CC=CC=C1,0.0
1771,CC(C)C1=CC(Cl)=C(C)C=C1O,0.0
1772,CC(O)CN(CCCN(C)C)CCCN(C)C,0.0
1773,CCNC1=NC(NC(C)(C)C#N)=NC(Cl)=N1,1.0
1774,CC(C)=CCC\C(C)=C\C\C=C(/C)C=C,1.0
1775,Br.C[C@@H]1[C@@H]2CC3=C(C=C(O)C=C3)[C@@]1(C)CCN2CCC1=CC=CC=C1,0.0
1776,Cl.N[C@@H](CC1=CN=CN1)C(O)=O,0.0
1777,C=C(CCC#N)C#N,0.0
1778,CCCCCCCCCCC1=CC=CC=C1,0.0
1779,CCOC(=O)\C=C(/C)\C=C\C[C@@H](C)CCCC(C)C,1.0
1780,OCCN(CCO)C1=CC(Cl)=CC=C1,1.0
1781,Cl.CCN(CC)CCOC(=O)C1=C(Cl)C=C(N)C=C1,0.0
1782,COC1=C(Cl)C(Cl)=C(Cl)C(Cl)=C1Cl,1.0
1783,CC(=O)CC(C1=CC=CC=C1)C1=C(O)C2=CC=CC=C2OC1=O,1.0
1784,[Na+].NC1=CC=C(C=C1)[As](O)([O-])=O,0.0
1785,COC1=CC=C(C=C1)[C@@H]1SC2=CC=CC=C2N(CCN(C)C)C(=O)[C@@H]1OC(C)=O,0.0
1786,CC(C)(CS(O)(=O)=O)NC(=O)C=C,0.0
1787,CC1=C(Cl)C=CC(O)=C1,0.0
1788,CCCN(CCC)C1=C(C=C(C=C1[N+]([O-])=O)C(C)C)[N+]([O-])=O,1.0
1789,[Na+].CCCCCN(CCCCC)C(=O)C(CCC([O-])=O)NC(=O)C1=CC(Cl)=C(Cl)C=C1,0.0
1790,OC1CCCC2=C1C=CC=C2,0.0
1791,O=CCCCC=O,0.0
1792,ClC1=CC(Cl)=C(C=C1Cl)C1=CC(Cl)=C(Cl)C=C1Cl,0.0
1793,CC(=O)C1=CC=CC=C1O,0.0
1794,CCCCOC(=O)CCCCCCCCC(=O)OCCCC,0.0
1795,CC1=CC(=NO1)C(=O)NCCC1=CC=C(C=C1)S(=O)(=O)NC(=O)NN1CCCCCC1,0.0
1796,OCCOC1=CC(OCCO)=CC=C1,0.0
1797,CC(CCC(O)=O)C(O)=O,0.0
1798,NC1=CC=CN=C1N,0.0
1799,CC(=C)C(=O)OCC(O)CO,0.0
1800,F[P-](F)(F)(F)(F)F.CCN1C=C[N+](C)=C1C,0.0
1801,CO\C=C(\C(=O)OC)C1=CC=CC=C1OC1=CC(OC2=CC=CC=C2C#N)=NC=N1,1.0
1802,COP(N)(=S)OC1=C(C=CC=C1)C(=O)OC(C)C,0.0
1803,CCOC(=O)[C@H](C)OC1=CC=C(OC2=NC3=C(O2)C=C(Cl)C=C3)C=C1,1.0
1804,FC(F)(F)C(Cl)(Cl)Cl,0.0
1805,CCOC(=O)NNC1=CC=C(N=N1)N(CC)CC(C)O,0.0
1806,CCNC(=O)C(C)OC(=O)NC1=CC=CC=C1,0.0
1807,[K+].[O-][Cl](=O)(=O)=O,0.0
1808,O=C1NC=CC(=O)N1,0.0
1809,NC1CCCCC1,0.0
1810,Cl.CC1=CC=CC(CC2=CNC=N2)=C1C,0.0
1811,[Cl-].CCCC[N+]1=CC=CC(C)=C1,0.0
1812,COC(=O)C1=CC=C(C)C=C1,1.0
1813,C1CCC(CC1)C1CCCCC1,0.0
1814,NC1=NC(N)=NC(N)=N1,0.0
1815,CC[C@@H]([C@@H](CC)C1=CC=C(O)C=C1)C1=CC=C(O)C=C1,1.0
1816,[Na+].[Na+].OC1=C(\N=N\C2=CC=CC=C2)C2=C(C=C(C=C2C=C1)S([O-])(=O)=O)S([O-])(=O)=O,0.0
1817,CCCC(=O)OCCC(C)CCC=C(C)C,1.0
1818,CC(C)(C)C=C,0.0
1819,CCCC(O)=O,0.0
1820,C[C@@H]1C[C@H]2C3C[C@H](F)C4=CC(=O)C=CC4(C)[C@@]3(F)[C@@H](O)CC2(C)[C@@]1(O)C(=O)COC(=O)C(C)(C)C,0.0
1821,NC1=NC(=S)NN1,0.0
1822,O=C1CCC(CC1)C1CCCCC1,1.0
1823,CC1=NC2=C(C=CC=C2)C=C1,1.0
1824,[Na+].CCC1=CC(=C2C=C(C=CC=C12)C(C)C)S([O-])(=O)=O,0.0
1825,CC1CCC(CC1)NC(=O)N(CCCl)N=O,0.0
1826,O=[Cd],0.0
1827,ClC1=CC=C(C=C1)C(=O)NCCN1CCOCC1,0.0
1828,CCCC(=O)O[C@@]1(CC[C@H]2[C@@H]3CCC4=CC(=O)CC[C@]4(C)[C@H]3[C@@H](O)C[C@]12C)C(=O)COC(=O)CC,0.0
1829,[Cl-].C[N+](C)(C)CCOC(N)=O,0.0
1830,Cl.CCCNC(C)(C)COC(=O)C1=CC=CC=C1,0.0
1831,OC(=O)C1=C(O)C(CC2=C3C=CC=CC3=CC(C(O)=O)=C2O)=C2C=CC=CC2=C1,0.0
1832,OC(=O)CC(O)(CC(O)=O)C(O)=O.CCOC1=C(C=C(Cl)C(N)=C1)C(=O)NCC1CN(CC2=CC=C(F)C=C2)CCO1,0.0
1833,CCCN(CC)CC1COC2(CCC(CC2)C(C)(C)C)O1,1.0
1834,CCC(=O)O[C@@]1([C@H](C)C[C@H]2C3C[C@H](F)C4=CC(=O)C=C[C@]4(C)[C@@]3(F)[C@@H](O)C[C@]12C)C(=O)SCF,0.0
1835,CCOC1=C(C=CC(CC(=O)N[C@@H](CC(C)C)C2=C(C=CC=C2)N2CCCCC2)=C1)C(O)=O,0.0
1836,OC(=O)CN(CC(O)=O)CC(O)=O,0.0
1837,[O-]S(=O)(=O)C(F)(F)F.CCC[N+]1(C)CCCC1,0.0
1838,CC(C)C1=CC=CC=C1,0.0
1839,O=C1N(CC2CO2)C(=O)N(CC2CO2)C(=O)N1CC1CO1,0.0
1840,CC(C)(C)C1CCCCC1=O,1.0
1841,CN(C)C1=CC=C(C=C1)C(=O)C1=CC=C(C=C1)N(C)C,1.0
1842,C1=CC=C2C=NN=CC2=C1,0.0
1843,CC(C)(O)C(=O)C1=CC=C(OCCO)C=C1,0.0
1844,CNC(=O)OC1=CC=CC2=C1OC(C)(C)C2,1.0
1845,CC1=C(C=CC=C1Cl)[N+]([O-])=O,0.0
1846,NC(=O)C1=CC=CC=C1N,0.0
1847,CCCCC(F)(F)[C@@]1(O)CC[C@H]2[C@@H](CC(=O)[C@@H]2CCCCCCC(O)=O)O1,0.0
1848,C[Si](C)(C)N[Si](C)(C)C,0.0
1849,CCC1=CN([C@H]2C[C@H](O)[C@@H](CO)O2)C(=O)NC1=O,0.0
1850,CC(C)(C1=CC(=C(O)C=C1)C1=CC=CC=C1)C1=CC(=C(O)C=C1)C1=CC=CC=C1,1.0
1851,CO[Si](CCCOC(=O)C(C)=C)(OC)OC,0.0
1852,CC1=CC=C(C=C1N=C=O)N=C=O,0.0
1853,OS(O)(=O)=O.NNCCC1=CC=CC=C1,0.0
1854,[Cl-].[Cl-].[Fe++],0.0
1855,CC(=C)C(=O)OCCC(F)(F)C(F)(F)C(F)(F)C(F)(F)C(F)(F)C(F)(F)F,0.0
1856,C=CCC1=CC=C2OCOC2=C1,0.0
1857,OC[C@H]1O[C@](O)(CO)[C@@H](O)[C@@H]1O[C@@H]1O[C@H](CO)[C@H](O)[C@H](O)[C@H]1O,0.0
1858,ClC1=CC(Cl)=CC=C1,0.0
1859,CCCCCCC\C=C\C=O,0.0
1860,[Br-].CCCC[N+]1=CC=CC(C)=C1,0.0
1861,CCCCCC#CC(=O)OC,1.0
1862,NC1=CC(=C(Cl)C=C1)[N+]([O-])=O,1.0
1863,CCOC(=O)[C@H](C)O,0.0
1864,CC1=CNC(=O)NC1=O,1.0
1865,CC1(C)NC(=O)NC1=O,1.0
1866,CCNP(=S)(OC)O\C(C)=C\C(=O)OC(C)C,1.0
1867,BrCCCCCCBr,0.0
1868,CO[C@H]1C[C@H](O[C@H]2[C@H](C)[C@@H](O[C@@H]3O[C@H](C)C[C@@H]([C@H]3OC(C)=O)N(C)C)[C@@H](C)C[C@]3(CO3)C(=O)[C@H](C)[C@@H](OC(C)=O)[C@@H](C)[C@@H](C)OC(=O)[C@@H]2C)O[C@@H](C)[C@@H]1OC(C)=O,0.0
1869,Cl.NCC(O)C1=CC=CC(O)=C1,0.0
1870,NS(=O)(=O)C1=C(Cl)C=C(NCC2=CC=CO2)C(=C1)C(O)=O,0.0
1871,OC(=O)\C=C\C(O)=O.CCCCCCCN(CC)CCCC(O)C1=CC=C(NS(C)(=O)=O)C=C1.CCCCCCCN(CC)CCCC(O)C1=CC=C(NS(C)(=O)=O)C=C1,0.0
1872,CC(=O)C1=CC2=C(S1)C=CC=C2,0.0
1873,CCN(CC)CCNC1=CC=C(CO)C2=C1C(=O)C1=CC=CC=C1S2,0.0
1874,CCCC1=CC=CC=C1,0.0
1875,COS([O-])(=O)=O.C[N+]1(C)CCC(CC1)=C(C1=CC=CC=C1)C1=CC=CC=C1,0.0
1876,[Na+].[Na+].CN1C(CNC2=CC=C(C=C2)C(=O)NC(CCC([O-])=O)C([O-])=O)CNC2=NC(N)=NC(O)=C12,0.0
1877,CC(C)CCCO,0.0
1878,CC1CCCCC1NC(=O)NC1=CC=CC=C1,0.0
1879,CC(C)NC(=O)C=C,0.0
1880,CCC1(CC)C(=O)NC(=O)N(C)C1=O,0.0
1881,OC\C(Br)=C(/Br)CO,0.0
1882,CCNC1=NC(SC)=NC(NCC)=N1,0.0
1883,ClC1=CC=C(C=N1)C(Cl)(Cl)Cl,1.0
1884,CC[C@]12CC[C@H]3[C@@H](CCC4=C\C(CC[C@H]34)=N\O)[C@@H]1CC[C@@]2(OC(C)=O)C#C,0.0
1885,OCCN(CCO)C=O,0.0
1886,OCC(=O)NC1=CC=C(C=C1)[As](O)(=O)O[Bi]=O,0.0
1887,NCCC1=CN=CN1,0.0
1888,CCN(CC)C1=CC=CC(C)=C1,1.0
1889,CCN1C[C@@]2(COC)[C@H]3[C@@H](OC)[C@H]4C1[C@@]3([C@@H]1C[C@@]3(O)[C@H](OC(=O)C5=CC=CC=C5)[C@@H]1[C@]4(OC(C)=O)[C@@H](O)[C@@H]3OC)[C@H](C[C@H]2O)OC,0.0
1890,CC1=CNC=N1,0.0
1891,CCOC(=O)[C@H](CCC1=CC=CC=C1)N[C@@H](C)C(=O)N1[C@H]2CCC[C@H]2C[C@H]1C(O)=O,0.0
1892,CCOP(=S)(OCC)OC1=C(Cl)C=C(Br)C(Cl)=C1,0.0
1893,CCC(CC)(CC(=O)NC1=CC=CC(\C=C\C2=NC(=CS2)C2CCC2)=C1)C(O)=O,0.0
1894,COC(=O)C1=C(N(C)N=C1Cl)S(=O)(=O)NC(=O)NC1=NC(OC)=CC(OC)=N1,0.0
1895,CCOP(=S)(OCC)SCS(=O)(=O)C(C)(C)C,1.0
1896,[Na+].[Na+].[O-]S([O-])(=O)=O,0.0
1897,Cl.CCOC1=CC=C(CC2=C3C=C(OCC)C(OCC)=CC3=CC=N2)C=C1OCC,0.0
1898,Cl.CC(=O)OC1=CC2=C(CCN(C2)C(C(=O)C2CC2)C2=CC=CC=C2F)S1,0.0
1899,COP([O-])(=O)OC.CN1C=C[N+](C)=C1,0.0
1900,[Ba++].OC[C@@H](O)[C@@H](O)[C@H](O)[C@@H](O)C([O-])=O.OC[C@@H](O)[C@@H](O)[C@H](O)[C@@H](O)C([O-])=O,0.0
1901,CC(O)(C1=CC=C(Cl)C=C1)C1=CC=C(Cl)C=C1,0.0
1902,NC1=CC=C(C=C1)S(=O)(=O)NC1=CC=CC=C1,0.0
1903,CC(=O)OC(C1=CC=CC=C1)C(Cl)(Cl)Cl,1.0
1904,CC1=CC=CC(=C1O)C(C)(C)C,1.0
1905,C1CN(CCO1)SSC1=NC2=C(S1)C=CC=C2,0.0
1906,CCCCOCCOC(=O)COC1=C(Cl)C=C(Cl)C(Cl)=C1,0.0
1907,COC(=O)C1=CN=CC=C1,0.0
1908,O[C@@H]1C[C@](C[C@@H](OC(=O)C=CC2=CC=C(O)C(O)=C2)[C@H]1O)(OC(=O)C=CC1=CC=C(O)C(O)=C1)C(O)=O,0.0
1909,BrC1=CC(Br)=C(OC2=CC(Br)=C(Br)C=C2Br)C=C1Br,0.0
1910,N1C=CN=C1,0.0
1911,CCN(CC)C(C)=O,0.0
1912,COP(=O)(OC)OC(C1=CC=C(Cl)C=C1)P(=O)(OC)OC,0.0
1913,NC1=NC2=C(S1)C=CC=C2Cl,0.0
1914,ClC1=CC=CC(Cl)=N1,0.0
1915,CC1=NC2=C(C3=C(C=CC=C3)C=C2)C1(C)C,1.0
1916,NC(N)=S,0.0
1917,[Zn++].CCN(CC)C([S-])=S.CCN(CC)C([S-])=S,0.0
1918,N=C1NC(=N)C2=C1C=C1C=CC=CC1=C2,0.0
1919,OCCOCCOCCOCCOCCO,0.0
1920,CC(=O)OCC(=O)[C@@]1(O)CC[C@H]2[C@@H]3CCC4=CC(=O)CC[C@]4(C)C3=CC[C@]12C,0.0
1921,CCCCCCCC,0.0
1922,CC1=CC2=C(OCC(CNC(C)(C)C)OC(=O)C3=CC=CC=C3)C=CC=C2N1,0.0
1923,BrC1=CC(Br)=C(OC2=CC=C(Br)C=C2Br)C=C1,0.0
1924,[Na+].[Na+].[S-]C(=S)NCCNC([S-])=S,0.0
1925,CC1=C(CCOC2=CC=C(C[C@H](NC3=C(C=CC=C3)C(=O)C3=CC=CC=C3)C(O)=O)C=C2)N=C(O1)C1=CC=CC=C1,0.0
1926,FC1=C(C=CC=C1)C1=CC=C(C=C1)C#C,0.0
1927,[Ca++].CCC([O-])=C1C(=O)CC(CC1=O)C([O-])=O,0.0
1928,CCCCC(CN1C=NC=N1)(C#N)C1=CC=C(Cl)C=C1,1.0
1929,CC1=C(CN2C=CN=C2)C2=C(C=CC=C2)N1CCC(O)=O,0.0
1930,COC1=C2O[C@H]3[C@@H](O)C=C[C@H]4[C@H]5CC(C=C1)=C2[C@@]34CCN5C,0.0
1931,[NH4+].[NH4+].OC(=O)CC(O)(CC([O-])=O)C([O-])=O,0.0
1932,OC(=O)C1=C(C=CC=C1)C(=O)OCC1=CC=CC=C1,0.0
1933,CC1=C(C(N)=NC(N)=N1)C1=CC(Cl)=C(Cl)C=C1,0.0
1934,CNC(=O)CSP(=S)(OC)OC,0.0
1935,CC(=O)NC1=CC=C(C=C1)C(=O)CCl,0.0
1936,CC(C)=CCCC(C)=CCCC(C)=O,1.0
1937,OC(=O)C(O)=O.C1CN=C(N1)C1=CC2=CC=CC=C2C=C1,0.0
1938,CCCCCCCCCCCCCCCC(=O)OC[C@@H](O)[C@H]1OC[C@H](O)[C@H]1O,0.0
1939,O.O.O.O.O.O.O.[Co++].[O-]S([O-])(=O)=O,0.0
1940,ClC12C3(Cl)C4(Cl)C5(Cl)C(Cl)(C1(Cl)C4(Cl)Cl)C2(Cl)C(Cl)(Cl)C35Cl,1.0
1941,CNC(=O)NC,0.0
1942,CCCN(CCC)C(=O)CC1=C(N=C2C=CC(Cl)=CN12)C1=CC=C(Cl)C=C1,0.0
1943,CCCCOC(=O)COC1=C(Cl)C=C(Cl)C=C1,0.0
1944,CC(C)(C)C(Cl)=O,0.0
1945,OC(=O)C1=CC=CC(=N1)C(O)=O,0.0
1946,N#CC1=CN=CC=C1,0.0
1947,[Cl-].CC[N+](C)(CC)CC,0.0
1948,NC1=CC=C(N)C=C1,0.0
1949,OCCN(CCO)CCO.CCCCCCCCCCCCOS(O)(=O)=O,0.0
1950,CC1=CC=C(C=C1)S(=O)(=O)NC(=O)NC1CCCCCCC1,0.0
1951,OCCOC(=O)C1=CC=CC=C1O,0.0
1952,CN[C@@H]1[C@@H](O)[C@@H](O[C@H]2[C@H](N)C[C@H](N)[C@@H](O[C@H]3OC(CN)=CC[C@H]3N)[C@H]2O)OC[C@]1(C)O,0.0
1953,CC1=CC(N2N=C3C=CC=CC3=N2)=C(O)C=C1,1.0
1954,CCC(CC)(CNC(=O)CCCO)C1=CC(OC)=CC=C1,0.0
1955,CN(C)CCCN(C)CCCN(C)C,1.0
1956,CC(C)[C@@H](NC1=C(Cl)C=C(C=C1)C(F)(F)F)C(=O)OC(C#N)C1=CC(OC2=CC=CC=C2)=CC=C1,1.0
1957,C[C@H]1[C@H]2[C@H](C[C@H]3[C@@H]4CC[C@H]5C[C@H](CC[C@]5(C)[C@H]4CC[C@]23C)O[C@@H]2O[C@H](CO)[C@H](O[C@@H]3O[C@H](CO)[C@@H](O)[C@H](O[C@@H]4OC[C@@H](O)[C@H](O)[C@H]4O)[C@H]3O[C@@H]3O[C@H](CO)[C@@H](O)[C@H](O)[C@H]3O)[C@H](O)[C@H]2O)O[C@@]11CC[C@H](C)CN1,0.0
1958,CC(C)OCC1CO1,0.0
1959,CN1CCC2=C(C1)C1=C(C=CC(Cl)=C1)N2CCC1=CN=C(C)C=C1,0.0
1960,CCC(C)(O)CCC=C(C)C,0.0
1961,F[B-](F)(F)F.CCC[N+]1(C)CCCCC1,0.0
1962,C[C@@H]1CC(=O)C=C2CC[C@H](C[C@@]12C)C(C)=C,1.0
1963,CC1=CC=C(C=C1)S(O)(=O)=O.C1CN=C(NC2=C3CCCCC3=CC=C2)N1,0.0
1964,CC1=C(C)C(NC2=NC(SCC(O)=O)=NC(Cl)=C2)=CC=C1,1.0
1965,C=CC1=CC=C(C=C)C=C1,0.0
1966,CC(NC(CCC1=CC=CC=C1)C(O)=O)C(=O)N1C(CN(C)C1=O)C(O)=O,0.0
1967,CNN.OS(O)(=O)=O,0.0
1968,CN1C(=O)CC(C1=O)C1=CC=CC=C1,0.0
1969,CCN(CC)C(=O)C(C)OC1=C2C=CC=CC2=CC=C1,1.0
1970,CC1=CC=C(C=C1)C(=C/CN1CCCC1)\C1=CC=CC(\C=C\C(O)=O)=N1,0.0
1971,OS(O)(=O)=O.CCCCCC(C)N.CCCCCC(C)N,0.0
1972,N[C@@H](CCC(O)=O)C(O)=O,0.0
1973,O=C1CCCCO1,0.0
1974,[Ca++].C[C@@H]1O[C@@H]1P([O-])([O-])=O,0.0
1975,Cl.Cl.NC1=CC=C(N)C=C1,0.0
1976,CCCCC(CC)COC(=O)CS,1.0
1977,CC(=O)C1=CC2=C(OC(C)(C)[C@H](O)[C@H]2NC(=O)C2=CC=C(F)C=C2)C=C1,1.0
1978,O=[As]C1=CC=CC=C1,0.0
1979,CCCCCCCCCCCCCCCCCCOP([O-])(=O)OC1CC[N+](C)(C)CC1,0.0
1980,[N-]=C=NC#N.CCCC[N+]1(C)CCCC1,0.0
1981,CC(OC1=C(Cl)C=CC(Cl)=C1)C(O)=O,1.0
1982,CN1CCC(CC1)=C1C2=C(CCC3=CC=CC=C13)SC=C2,0.0
1983,CC(CCCC(C)(C)O)C=C,0.0
1984,[Na+].CN(CS([O-])(=O)=O)C1=C(C)N(C)N(C1=O)C1=CC=CC=C1,0.0
1985,OS(O)(=O)=O.CO\N=C(\C(=O)N[C@H]1[C@H]2SCC(C[N+]3=C4C=CC=NN4C=C3)=C(N2C1=O)C([O-])=O)C1=NSC(N)=N1,0.0
1986,OC(=O)COC1=C(Cl)C=C(Cl)C=C1,0.0
1987,CO[Si](OC)(C1=CC=CC=C1)C1=CC=CC=C1,1.0
1988,OCC1CCCO1,0.0
1989,OC1=CC=C(C=C1)C1(CC2CC1C1CCCC21)C1=CC=C(O)C=C1,0.0
1990,ClC1=C(Cl)C(C#N)=C(Cl)C(C#N)=C1Cl,1.0
1991,COS([O-])(=O)=O.CN1C(=CC(C2=CC=CC=C2)=[N+]1C)C1=CC=CC=C1,0.0
1992,FC(F)(F)C(=O)NC1=CC2=C(C=C1)C1=CC=CC=C1C2,1.0
1993,OC(=O)CSCC(=O)NC1CCSC1=O,0.0
1994,ClCCCl,0.0
1995,OCC1=CC=CC=C1O,0.0
1996,O.Br.COC1=CC2=C(C[C@@H]3C4CCCC[C@]24CCN3C)C=C1,0.0
1997,C\C=C(/C)C=O,0.0
1998,OC1=C(O)C2=C(C=C1)[C@@H]1C3=CC(O)=C(O)C=C3C[C@]1(O)CO2,0.0
1999,N1N=NN=C1C1=CC=CC=C1,0.0
